scope,holding_days,dte_bucket,event_type,post_warmup_only,trade_count,win_rate,avg_return,median_return,avg_net_pnl,total_net_pnl,max_loss,max_win,profit_factor,top_5_wins_to_total_pnl,expected_shortfall_5pct,top10_capture,flat_ratio
holding_dte,1,10-14,all,False,44,0.29545454545454547,-0.031620663930411894,-0.0442928833818141,-1087.5545454545431,-47852.3999999999,-19087.7,13842.800000000005,0.4767164152990174,-0.7786213439660307,-12110.366666666663,0.10638297872340426,0.9063829787234042
holding_dte,1,15-21,all,False,130,0.34615384615384615,-0.0019628283473450896,-0.037185383589725396,-159.6007692307659,-20748.09999999957,-44957.59999999999,41141.30000000001,0.9109682563113213,-6.420149314877159,-11924.85714285714,0.3404255319148936,0.7234042553191489
holding_dte,1,22-30,all,False,192,0.3072916666666667,-0.008686855359246381,-0.02807763986270885,-396.5234374999963,-76132.49999999929,-11215.799999999996,20944.5,0.7127542652496918,-0.919871277049889,-6046.669999999995,0.3617021276595745,0.5914893617021277
holding_dte,1,31-45,all,False,77,0.2857142857142857,-0.02230206995211969,-0.0223818126844431,-1793.3935064935017,-138091.29999999964,-87463.19999999998,13359.400000000016,0.31182857322261515,-0.2783317993240713,-29026.499999999996,0.10638297872340426,0.8361702127659575
holding_dte,1,7-10,all,False,27,0.18518518518518517,-0.03565727137084005,-0.0847650914194768,-834.2666666666647,-22525.199999999946,-7416.99999999999,13632.200000000006,0.5523680068679361,-1.2339779447019372,-7016.299999999996,0.0851063829787234,0.9425531914893617
holding_dte_event_type,1,10-14,down_shock,False,3,1.0,0.2563776055307821,0.2944193319118695,7643.933333333337,22931.80000000001,3910.900000000004,13842.800000000005,inf,1.0000000000000002,3910.900000000004,0.06382978723404255,0.9936170212765958
holding_dte_event_type,1,10-14,gap_event,False,3,0.0,-0.18614642167137044,-0.1765375673466796,-5716.7666666666655,-17150.299999999996,-9991.5,-2709.099999999995,0.0,1.0,-9991.5,0.0,0.9936170212765958
holding_dte_event_type,1,10-14,noise_theta_decay,False,35,0.22857142857142856,-0.048448569827900655,-0.0451947382826964,-1484.9942857142835,-51974.79999999992,-19087.7,11195.500000000002,0.2247681380343121,-0.2762877394429613,-11958.099999999999,0.02127659574468085,0.925531914893617
holding_dte_event_type,1,10-14,trend_vol_expansion,False,2,0.5,0.013264453363096645,0.013264453363096645,-2060.149999999994,-4120.299999999988,-7251.899999999989,3131.6000000000004,0.43183165791034145,1.0,-7251.899999999989,0.02127659574468085,0.9957446808510638
holding_dte_event_type,1,10-14,up_shock,False,1,1.0,0.0671682727339714,0.0671682727339714,2461.2000000000025,2461.2000000000025,2461.2000000000025,2461.2000000000025,inf,1.0,2461.2000000000025,0.0,0.997872340425532
holding_dte_event_type,1,15-21,down_shock,False,8,1.0,0.2977494231307226,0.1610125536794074,9315.287500000002,74522.30000000002,3335.600000000005,28002.200000000004,inf,0.8428041002491871,3335.600000000005,0.14893617021276595,0.9829787234042553
holding_dte_event_type,1,15-21,gap_event,False,7,0.2857142857142857,0.17391265592347402,-0.0867737813663919,3011.900000000005,21083.300000000036,-44957.59999999999,41141.30000000001,1.3526059993845418,3.3540290182276924,-44957.59999999999,0.0425531914893617,0.9851063829787234
holding_dte_event_type,1,15-21,noise_theta_decay,False,86,0.3023255813953488,-0.03915287638940645,-0.04759934266018135,-1153.646511627904,-99213.59999999974,-10347.899999999992,3318.300000000002,0.25648389069413396,-0.13611944330212844,-6604.559999999995,0.0851063829787234,0.8170212765957447
holding_dte_event_type,1,15-21,trend_vol_expansion,False,27,0.25925925925925924,-0.032000396680142984,-0.0382373845060411,-924.4333333333298,-24959.699999999903,-5493.6,4666.600000000006,0.37303568916665125,-0.5803795718698571,-5172.299999999997,0.0425531914893617,0.9425531914893617
holding_dte_event_type,1,15-21,up_shock,False,2,1.0,0.1883032090939276,0.1883032090939276,3909.7999999999997,7819.599999999999,1739.6999999999991,6079.900000000001,inf,1.0,1739.6999999999991,0.02127659574468085,0.9957446808510638
holding_dte_event_type,1,22-30,down_shock,False,8,1.0,0.2116237841617915,0.2091197712442548,6784.962500000007,54279.700000000055,4242.100000000008,9981.000000000004,inf,0.7196631521544885,4242.100000000008,0.1702127659574468,0.9829787234042553
holding_dte_event_type,1,22-30,gap_event,False,7,0.5714285714285714,0.1518335757019885,0.0212841975262748,5099.842857142862,35698.90000000004,-7260.799999999989,20944.5,3.9534221869234716,1.2983901464751006,-7260.799999999989,0.06382978723404255,0.9851063829787234
holding_dte_event_type,1,22-30,noise_theta_decay,False,148,0.24324324324324326,-0.03326503648100743,-0.04290795790486105,-1190.6756756756722,-176219.99999999948,-11215.799999999996,8306.300000000005,0.22657234436535104,-0.12808478038815174,-6094.9999999999945,0.0425531914893617,0.6851063829787234
holding_dte_event_type,1,22-30,trend_vol_expansion,False,26,0.3076923076923077,-0.015893157662648292,-0.0170952039212683,-465.0846153846114,-12092.199999999897,-4412.199999999995,5452.100000000008,0.5184865148987202,-1.0084765385951384,-3848.449999999994,0.02127659574468085,0.9446808510638298
holding_dte_event_type,1,22-30,up_shock,False,3,1.0,0.304248655411466,0.1846552553219036,7400.366666666669,22201.100000000006,3580.4,10633.400000000003,inf,1.0000000000000002,3580.4,0.06382978723404255,0.9936170212765958
holding_dte_event_type,1,31-45,down_shock,False,1,1.0,0.321631321755184,0.321631321755184,10906.100000000004,10906.100000000004,10906.100000000004,10906.100000000004,inf,1.0,10906.100000000004,0.02127659574468085,0.997872340425532
holding_dte_event_type,1,31-45,gap_event,False,3,0.3333333333333333,-0.082924991676659,-0.0786967342708656,-3961.4000000000015,-11884.200000000004,-8771.100000000002,7.799999999997453,0.000655903128153166,1.0,-8771.100000000002,0.0,0.9936170212765958
holding_dte_event_type,1,31-45,noise_theta_decay,False,59,0.23728813559322035,-0.028336385072995914,-0.0262860696517411,-2194.7796610169444,-129491.99999999971,-87463.19999999998,5175.199999999995,0.19887897994599127,-0.15965387823186036,-32784.866666666654,0.06382978723404255,0.874468085106383
holding_dte_event_type,1,31-45,trend_vol_expansion,False,13,0.38461538461538464,-0.029923145695766578,-0.0166738463877554,-1613.8923076923036,-20980.599999999948,-13537.199999999995,3957.400000000007,0.22676681310257488,-0.2932709264749355,-13537.199999999995,0.0,0.9723404255319149
holding_dte_event_type,1,31-45,up_shock,False,1,1.0,0.2707318803133015,0.2707318803133015,13359.400000000016,13359.400000000016,13359.400000000016,13359.400000000016,inf,1.0,13359.400000000016,0.02127659574468085,0.997872340425532
holding_dte_event_type,1,7-10,down_shock,False,1,1.0,0.1992943085988498,0.1992943085988498,5648.200000000003,5648.200000000003,5648.200000000003,5648.200000000003,inf,1.0,5648.200000000003,0.02127659574468085,0.997872340425532
holding_dte_event_type,1,7-10,gap_event,False,3,0.3333333333333333,0.0986574739588147,-0.0504139110387491,1190.1000000000029,3570.3000000000084,-6615.6,13632.200000000006,1.3548335801389408,1.0,-6615.6,0.02127659574468085,0.9936170212765958
holding_dte_event_type,1,7-10,noise_theta_decay,False,20,0.1,-0.06719933973682678,-0.09432501375382425,-1463.0949999999975,-29261.89999999995,-7416.99999999999,5324.900000000002,0.216634854005317,-0.23018669327692393,-7416.99999999999,0.0425531914893617,0.9574468085106383
holding_dte_event_type,1,7-10,trend_vol_expansion,False,3,0.3333333333333333,-0.03800875425047997,-0.0389950756421972,-827.2666666666661,-2481.7999999999984,-2290.2999999999965,422.999999999999,0.14562104103552717,1.0,-2290.2999999999965,0.0,0.9936170212765958
holding_dte,3,10-14,all,False,44,0.22727272727272727,-0.0799135450387472,-0.1578700027398635,-2063.1068181818155,-90776.69999999988,-19167.29999999999,29502.300000000003,0.46766401681393754,-0.7934084407122105,-13974.333333333328,0.0851063829787234,0.9063829787234042
holding_dte,3,15-21,all,False,130,0.34615384615384615,0.03711173876846545,-0.0694717346771221,296.26230769231074,38514.1000000004,-84279.99999999999,58378.8,1.0906217102832818,4.751737675292897,-20107.78571428571,0.48936170212765956,0.7234042553191489
holding_dte,3,22-30,all,False,192,0.3072916666666667,0.04125169109229422,-0.07454161000318149,531.0031250000034,101952.60000000065,-14776.399999999996,102295.7,1.194314237848286,3.3260936945207664,-10316.279999999993,0.3404255319148936,0.5914893617021277
holding_dte,3,31-45,all,False,77,0.4025974025974026,-0.028547565159751064,-0.0462193980592088,-2295.2870129870084,-176737.09999999966,-90149.69999999998,10192.300000000008,0.33603858658125335,-0.21336097514330662,-32203.899999999994,0.0425531914893617,0.8361702127659575
holding_dte,3,7-10,all,False,27,0.37037037037037035,-0.09774360492004767,-0.2402495913716787,-1391.4666666666658,-37569.59999999998,-11314.499999999996,15856.9,0.6050065973116613,-1.3746220348366769,-11226.399999999996,0.0425531914893617,0.9425531914893617
holding_dte_event_type,3,10-14,down_shock,False,3,1.0,0.6828709177951787,0.556669133670491,17900.200000000004,53700.60000000001,7951.8,29502.300000000003,inf,1.0,7951.8,0.06382978723404255,0.9936170212765958
holding_dte_event_type,3,10-14,gap_event,False,3,0.0,-0.2222257648308594,-0.2446502780216565,-6625.533333333333,-19876.6,-8359.700000000004,-5256.299999999996,0.0,1.0,-8359.700000000004,0.0,0.9936170212765958
holding_dte_event_type,3,10-14,noise_theta_decay,False,29,0.06896551724137931,-0.17267622233158939,-0.160037578067111,-4093.565517241377,-118713.39999999994,-14395.999999999993,1465.400000000005,0.018877249529949028,0.012344857446589768,-10866.849999999995,0.0,0.9382978723404255
holding_dte_event_type,3,10-14,trend_vol_expansion,False,6,0.3333333333333333,-0.10390007897036614,-0.0712231456840113,-4583.116666666665,-27498.69999999999,-19167.29999999999,1263.300000000001,0.07259089881994255,0.3029743224225146,-19167.29999999999,0.0,0.9872340425531915
holding_dte_event_type,3,10-14,up_shock,False,3,1.0,0.24429316028015124,0.1885159456175343,7203.800000000002,21611.400000000005,3288.999999999998,11690.7,inf,1.0000000000000002,3288.999999999998,0.02127659574468085,0.9936170212765958
holding_dte_event_type,3,15-21,down_shock,False,21,1.0,0.601187660209519,0.398239277364777,15497.304761904767,325443.4000000001,1885.5999999999997,58378.8,inf,0.54147725841114,2147.4499999999994,0.3191489361702128,0.9553191489361702
holding_dte_event_type,3,15-21,gap_event,False,7,0.2857142857142857,-0.03831495045789985,-0.1477982129936562,-9229.442857142853,-64606.09999999996,-84279.99999999999,26096.9,0.41710342189336913,-0.4731813249832451,-84279.99999999999,0.0425531914893617,0.9851063829787234
holding_dte_event_type,3,15-21,noise_theta_decay,False,65,0.15384615384615385,-0.11819809630935543,-0.1528440272862492,-3356.683076923074,-218184.39999999982,-11406.699999999995,3204.900000000009,0.07261769607653552,-0.056533831016333067,-9625.399999999994,0.0,0.8617021276595744
holding_dte_event_type,3,15-21,trend_vol_expansion,False,29,0.13793103448275862,-0.08911553364591815,-0.069810058696177,-2609.4724137931003,-75674.69999999991,-7076.399999999998,1426.2,0.04079565792742609,-0.04160439354235988,-6914.049999999999,0.0,0.9382978723404255
holding_dte_event_type,3,15-21,up_shock,False,8,1.0,0.3418770705682049,0.3170189456673571,8941.987500000003,71535.90000000002,4813.600000000002,15226.9,inf,0.7526836175962,4813.600000000002,0.1276595744680851,0.9829787234042553
holding_dte_event_type,3,22-30,down_shock,False,22,1.0,0.3160016586526166,0.23888387938770006,9715.331818181821,213737.30000000008,1917.1999999999969,50600.600000000006,inf,0.49350721656912466,2389.750000000001,0.19148936170212766,0.9531914893617022
holding_dte_event_type,3,22-30,gap_event,False,7,0.2857142857142857,0.4963911360243429,-0.1493025869018246,14830.942857142858,103816.6,-8449.299999999988,102295.7,4.021912640519759,1.1624431930924344,-8449.299999999988,0.0425531914893617,0.9851063829787234
holding_dte_event_type,3,22-30,noise_theta_decay,False,114,0.12280701754385964,-0.09610294605524435,-0.09899718983485395,-3281.1833333333307,-374054.8999999997,-14776.399999999996,4326.900000000006,0.06784912835503275,-0.04708693830771912,-11461.449999999992,0.0,0.7574468085106383
holding_dte_event_type,3,22-30,trend_vol_expansion,False,36,0.2222222222222222,-0.06249395273036387,-0.04792743943431245,-2336.9722222222176,-84130.99999999984,-7613.599999999997,1718.900000000002,0.055163297691338056,-0.05192735139247161,-7287.049999999994,0.0,0.9234042553191489
holding_dte_event_type,3,22-30,up_shock,False,13,1.0,0.8230052612141137,0.2555205047318614,18660.35384615385,242584.60000000003,2113.100000000003,96999.4,inf,0.8221028869928263,2113.100000000003,0.10638297872340426,0.9723404255319149
holding_dte_event_type,3,31-45,down_shock,False,9,1.0,0.14683967828914765,0.1401485189171435,4802.133333333337,43219.20000000003,1485.6000000000051,10192.300000000008,inf,0.7329543351103213,1485.6000000000051,0.0425531914893617,0.9808510638297873
holding_dte_event_type,3,31-45,gap_event,False,3,0.3333333333333333,-0.019753194505897433,-0.0766895376135036,-1228.466666666666,-3685.399999999998,-8671.6,8027.499999999998,0.6853554627803534,1.0,-8671.6,0.0,0.9936170212765958
holding_dte_event_type,3,31-45,noise_theta_decay,False,51,0.21568627450980393,-0.07613256782931938,-0.0721699358832165,-4567.819607843133,-232958.79999999976,-90149.69999999998,2501.7000000000053,0.04859127808224175,-0.03716236519075484,-40047.99999999999,0.0,0.8914893617021277
holding_dte_event_type,3,31-45,trend_vol_expansion,False,12,0.6666666666666666,0.006260028249688541,0.0157456630157939,306.96666666667153,3683.6000000000586,-5245.2,4543.700000000013,1.3830619163495,3.27755456618521,-5245.2,0.0,0.9744680851063829
holding_dte_event_type,3,31-45,up_shock,False,2,1.0,0.17359029095677853,0.17359029095677853,6502.150000000003,13004.300000000007,6257.0000000000055,6747.300000000001,inf,1.0,6257.0000000000055,0.0,0.9957446808510638
holding_dte_event_type,3,7-10,down_shock,False,2,1.0,0.3099703616212934,0.3099703616212934,8577.75,17155.5,1298.599999999999,15856.9,inf,1.0,1298.599999999999,0.02127659574468085,0.9957446808510638
holding_dte_event_type,3,7-10,gap_event,False,3,1.0,0.23787228969989702,0.1696618349007679,8586.266666666665,25758.799999999996,190.2000000000044,13970.500000000004,inf,1.0,190.2000000000044,0.02127659574468085,0.9936170212765958
holding_dte_event_type,3,7-10,noise_theta_decay,False,19,0.15789473684210525,-0.2135935961624188,-0.275673446240301,-4417.947368421051,-83940.99999999997,-11314.499999999996,4906.999999999999,0.09165084054301195,-0.05277873744653993,-11314.499999999996,0.0,0.9595744680851064
holding_dte_event_type,3,7-10,trend_vol_expansion,False,2,0.5,-0.06700944258300334,-0.06700944258300334,-927.199999999999,-1854.399999999998,-2704.000000000002,849.6000000000038,0.31420118343195386,1.0,-2704.000000000002,0.0,0.9957446808510638
holding_dte_event_type,3,7-10,up_shock,False,1,1.0,0.2196622870683986,0.2196622870683986,5311.499999999998,5311.499999999998,5311.499999999998,5311.499999999998,inf,1.0,5311.499999999998,0.0,0.997872340425532
holding_dte,5,10-14,all,False,44,0.20454545454545456,-0.09742417937113865,-0.2663049900150358,-2067.177272727271,-90955.79999999993,-20319.6,50735.6,0.6515546681418303,-1.6768188504746273,-15421.299999999996,0.10638297872340426,0.9063829787234042
holding_dte,5,15-21,all,False,130,0.3230769230769231,0.009461185947383849,-0.13838531585545955,-602.6053846153812,-78338.69999999956,-97513.49999999996,53569.40000000001,0.8661225233366642,-2.7000792711648423,-24152.4857142857,0.3617021276595745,0.7234042553191489
holding_dte,5,22-30,all,False,192,0.3489583333333333,0.08102066224901143,-0.08732853080819569,989.5322916666706,189990.20000000077,-18783.4,139300.69999999998,1.2778996373661486,2.357310534964425,-13438.909999999998,0.2978723404255319,0.5914893617021277
holding_dte,5,31-45,all,False,77,0.4025974025974026,-0.013415657591756272,-0.059719356538671,-1725.1649350649313,-132837.69999999972,-74627.69999999998,43996.19999999999,0.5843662821477166,-0.7563139078740463,-30388.09999999999,0.1276595744680851,0.8361702127659575
holding_dte,5,7-10,all,False,27,0.37037037037037035,-0.03319959865570259,-0.340308818601294,160.73333333333534,4339.800000000054,-17963.999999999996,63935.3,1.0290176795351076,32.04228305451825,-15355.649999999998,0.10638297872340426,0.9425531914893617
holding_dte_event_type,5,10-14,down_shock,False,2,1.0,1.4179737789473208,1.4179737789473208,41172.450000000004,82344.90000000001,31609.30000000001,50735.6,inf,1.0,31609.30000000001,0.0425531914893617,0.9957446808510638
holding_dte_event_type,5,10-14,gap_event,False,3,0.0,-0.44149951843168433,-0.4299713553444896,-13411.433333333332,-40234.299999999996,-20319.6,-9077.099999999997,0.0,1.0,-20319.6,0.0,0.9936170212765958
holding_dte_event_type,5,10-14,noise_theta_decay,False,28,0.07142857142857142,-0.27637125747686325,-0.29455340657723883,-6311.235714285713,-176714.59999999995,-13284.3,1404.7000000000023,0.012471339167113283,0.010870069592438842,-12820.699999999997,0.0,0.9404255319148936
holding_dte_event_type,5,10-14,trend_vol_expansion,False,6,0.0,-0.21578218251797066,-0.23707728747930024,-6975.43333333333,-41852.59999999998,-12659.99999999999,-3040.8999999999965,0.0,0.697509832125125,-12659.99999999999,0.0,0.9872340425531915
holding_dte_event_type,5,10-14,up_shock,False,5,1.0,0.6469950819060613,0.4315262629161884,17100.159999999996,85500.79999999999,7216.500000000002,37202.69999999999,inf,1.0,7216.500000000002,0.06382978723404255,0.9893617021276596
holding_dte_event_type,5,15-21,down_shock,False,18,1.0,0.7151392784348979,0.385915173069618,18239.538888888896,328311.7000000001,3279.400000000004,53569.40000000001,inf,0.6401087746796716,3279.400000000004,0.2127659574468085,0.9617021276595745
holding_dte_event_type,5,15-21,gap_event,False,7,0.2857142857142857,-0.19915837005376139,-0.1544952800821146,-16970.542857142846,-118793.79999999993,-97513.49999999996,3490.4999999999973,0.05012453773113447,0.09226828336158949,-97513.49999999996,0.0,0.9851063829787234
holding_dte_event_type,5,15-21,noise_theta_decay,False,46,0.043478260869565216,-0.22152640052271536,-0.2508717341030521,-5754.960869565214,-264728.19999999984,-14512.7,2110.600000000005,0.009443150825120455,-0.004455890985546739,-11798.366666666661,0.0,0.902127659574468
holding_dte_event_type,5,15-21,trend_vol_expansion,False,46,0.15217391304347827,-0.1341119831964209,-0.14214156455316626,-4125.63260869565,-189779.0999999999,-13989.599999999997,1632.8000000000031,0.015861516777312467,-0.014904170164154103,-12052.933333333329,0.0,0.902127659574468
holding_dte_event_type,5,15-21,up_shock,False,13,1.0,0.47007087713756407,0.358692505984792,12819.284615384619,166650.70000000004,2600.0999999999976,31724.4,inf,0.6471908008787242,2600.0999999999976,0.14893617021276595,0.9723404255319149
holding_dte_event_type,5,22-30,down_shock,False,27,1.0,0.31115997636271264,0.1661559459340466,9634.500000000004,260131.50000000012,972.7000000000032,53175.8,inf,0.5522283921785711,1066.1000000000058,0.14893617021276595,0.9425531914893617
holding_dte_event_type,5,22-30,gap_event,False,7,0.2857142857142857,0.1311981203726526,-0.1058809953226756,2245.6142857142895,15719.300000000027,-10608.999999999998,49321.9,1.4402203440144743,2.318754651924702,-10608.999999999998,0.02127659574468085,0.9851063829787234
holding_dte_event_type,5,22-30,noise_theta_decay,False,88,0.07954545454545454,-0.1557264062457942,-0.1575374016974439,-5314.895454545451,-467710.7999999997,-18783.4,5868.600000000004,0.030692575612315885,-0.030741004911582173,-15762.779999999995,0.0,0.8127659574468085
holding_dte_event_type,5,22-30,trend_vol_expansion,False,46,0.15217391304347827,-0.09569114591311993,-0.0979750056571107,-3425.028260869562,-157551.29999999984,-11250.599999999991,2243.500000000006,0.04766242495605591,-0.04740106873126429,-9933.199999999995,0.0,0.902127659574468
holding_dte_event_type,5,22-30,up_shock,False,24,1.0,1.0142490587100745,0.23932167890203448,22475.062500000004,539401.5000000001,3089.6000000000045,139300.69999999998,inf,0.7740045216781932,3218.050000000001,0.1276595744680851,0.948936170212766
holding_dte_event_type,5,31-45,down_shock,False,18,1.0,0.23995807771796177,0.13905082847868921,8361.338888888893,150504.10000000006,889.8000000000025,43996.19999999999,inf,0.661631144932264,889.8000000000025,0.10638297872340426,0.9617021276595745
holding_dte_event_type,5,31-45,gap_event,False,3,0.3333333333333333,-0.03949663738117954,-0.1619953955513865,-2117.333333333334,-6352.000000000002,-11218.8,11291.099999999997,0.6399725671792371,1.0,-11218.8,0.0,0.9936170212765958
holding_dte_event_type,5,31-45,noise_theta_decay,False,30,0.13333333333333333,-0.1284935539136635,-0.1351096660310353,-5254.87333333333,-157646.1999999999,-17850.099999999988,1429.200000000003,0.011507917846270617,-0.006741044186285539,-16715.24999999999,0.0,0.9361702127659575
holding_dte_event_type,5,31-45,trend_vol_expansion,False,22,0.18181818181818182,-0.09565970794040547,-0.0819765615369937,-6335.19545454545,-139374.2999999999,-74627.69999999998,1128.0000000000086,0.021785087122100283,-0.019608349602473565,-42400.89999999999,0.0,0.9531914893617022
holding_dte_event_type,5,31-45,up_shock,False,4,1.0,0.18138976768845474,0.1054876980546247,5007.675000000001,20030.700000000004,1898.9000000000035,9350.0,inf,1.0000000000000002,1898.9000000000035,0.02127659574468085,0.9914893617021276
holding_dte_event_type,5,7-10,down_shock,False,4,1.0,1.093418053694856,0.9077414789958882,26882.250000000004,107529.00000000001,5066.9000000000015,63935.3,inf,1.0000000000000002,5066.9000000000015,0.06382978723404255,0.9914893617021276
holding_dte_event_type,5,7-10,gap_event,False,3,0.6666666666666666,0.32331725721160776,0.0547941491452818,7219.799999999998,21659.399999999994,-6590.500000000009,26228.9,4.286457780138073,1.0,-6590.500000000009,0.02127659574468085,0.9936170212765958
holding_dte_event_type,5,7-10,noise_theta_decay,False,14,0.0,-0.45274830443528474,-0.47478886171777646,-8603.614285714286,-120450.59999999999,-12747.3,-5440.999999999996,0.0,0.2721339702749509,-12747.3,0.0,0.9702127659574468
holding_dte_event_type,5,7-10,trend_vol_expansion,False,4,0.5,-0.13727459006049328,-0.07441180977614795,-4928.274999999997,-19713.099999999988,-17963.999999999996,1546.8000000000047,0.1244848108012083,1.0000000000000002,-17963.999999999996,0.0,0.9914893617021276
holding_dte_event_type,5,7-10,up_shock,False,2,1.0,0.3237807361088711,0.3237807361088711,7657.550000000003,15315.100000000006,4949.000000000004,10366.100000000002,inf,1.0,4949.000000000004,0.02127659574468085,0.9957446808510638
holding_dte,1,10-14,all,True,18,0.3333333333333333,-0.02990196874140793,-0.04996647598806685,-522.8833333333308,-9411.899999999954,-7251.899999999989,13842.800000000005,0.6430099451537302,-1.797107916573709,-7251.899999999989,0.08333333333333333,0.9178082191780822
holding_dte,1,15-21,all,True,62,0.27419354838709675,-0.04157289833044959,-0.05659932997775355,-1129.746774193545,-70044.29999999978,-6586.099999999999,13659.1,0.37781317064851355,-0.4037958834623246,-5795.524999999996,0.16666666666666666,0.7168949771689498
holding_dte,1,22-30,all,True,91,0.27472527472527475,-0.02105175985436722,-0.0306894455403777,-712.2560439560398,-64815.29999999962,-7260.799999999989,20166.900000000005,0.5279327900015315,-0.7013714354481162,-5908.799999999992,0.4166666666666667,0.5844748858447488
holding_dte,1,31-45,all,True,37,0.2702702702702703,-0.03489416808108621,-0.0416656705792976,-3052.989189189183,-112960.59999999977,-87463.19999999998,13359.400000000016,0.22728273941042385,-0.25669304164460965,-48117.149999999994,0.16666666666666666,0.8310502283105023
holding_dte,1,7-10,all,True,11,0.18181818181818182,-0.005035270691618223,-0.0847650914194768,304.790909090911,3352.7000000000207,-2776.0999999999995,13632.200000000006,1.2148560662377295,4.857487994750473,-2776.0999999999995,0.16666666666666666,0.9497716894977168
holding_dte_event_type,1,10-14,down_shock,True,1,1.0,0.3395939434975027,0.3395939434975027,13842.800000000005,13842.800000000005,13842.800000000005,13842.800000000005,inf,1.0,13842.800000000005,0.08333333333333333,0.995433789954338
holding_dte_event_type,1,10-14,gap_event,True,1,0.0,-0.0894960787034282,-0.0894960787034282,-2709.099999999995,-2709.099999999995,-2709.099999999995,-2709.099999999995,0.0,1.0,-2709.099999999995,0.0,0.995433789954338
holding_dte_event_type,1,10-14,noise_theta_decay,True,15,0.3333333333333333,-0.04223249067836119,-0.0451947382826964,-886.2466666666649,-13293.699999999973,-3498.5999999999963,924.5000000000005,0.18958643224658073,-0.2339378803493394,-3498.5999999999963,0.0,0.9315068493150684
holding_dte_event_type,1,10-14,trend_vol_expansion,True,1,0.0,-0.1548459419639995,-0.1548459419639995,-7251.899999999989,-7251.899999999989,-7251.899999999989,-7251.899999999989,0.0,1.0,-7251.899999999989,0.0,0.995433789954338
holding_dte_event_type,1,15-21,down_shock,True,2,1.0,0.254669694081166,0.254669694081166,8916.6,17833.2,4174.099999999999,13659.1,inf,1.0,4174.099999999999,0.08333333333333333,0.9908675799086758
holding_dte_event_type,1,15-21,gap_event,True,4,0.0,-0.10631299520545308,-0.10891466331945096,-3708.7999999999965,-14835.199999999986,-4673.099999999999,-3055.8999999999915,0.0,1.0,-4673.099999999999,0.0,0.9817351598173516
holding_dte_event_type,1,15-21,noise_theta_decay,True,42,0.2619047619047619,-0.0537353777013972,-0.05659932997775355,-1454.190476190473,-61075.99999999987,-6586.099999999999,2364.100000000008,0.17498757267284867,-0.15456152989717803,-5896.1666666666615,0.0,0.8082191780821918
holding_dte_event_type,1,15-21,trend_vol_expansion,True,13,0.23076923076923078,-0.03542779957215996,-0.040965023146626,-1054.3076923076883,-13705.999999999949,-5493.6,4666.600000000006,0.42198043184885414,-0.6863417481395049,-5493.6,0.08333333333333333,0.9406392694063928
holding_dte_event_type,1,15-21,up_shock,True,1,1.0,0.0558401540683678,0.0558401540683678,1739.6999999999991,1739.6999999999991,1739.6999999999991,1739.6999999999991,inf,1.0,1739.6999999999991,0.0,0.995433789954338
holding_dte_event_type,1,22-30,down_shock,True,1,1.0,0.1177339497770289,0.1177339497770289,5890.100000000001,5890.100000000001,5890.100000000001,5890.100000000001,inf,1.0,5890.100000000001,0.08333333333333333,0.995433789954338
holding_dte_event_type,1,22-30,gap_event,True,5,0.6,0.08665346925409148,0.0212841975262748,3629.1600000000058,18145.80000000003,-7260.799999999989,20166.900000000005,3.0867075288354355,1.0,-7260.799999999989,0.16666666666666666,0.9771689497716896
holding_dte_event_type,1,22-30,noise_theta_decay,True,73,0.2328767123287671,-0.032747551768208816,-0.0396146607785044,-1175.2301369862973,-85791.79999999971,-6311.3,8306.300000000005,0.2657112582872159,-0.24663545933294453,-5570.799999999993,0.08333333333333333,0.6666666666666667
holding_dte_event_type,1,22-30,trend_vol_expansion,True,12,0.3333333333333333,-0.006345013642971641,-0.0167913172205775,-254.94999999999513,-3059.3999999999414,-4412.199999999995,5452.100000000008,0.7400348387645025,-2.6945806367262137,-4412.199999999995,0.08333333333333333,0.9452054794520548
holding_dte_event_type,1,31-45,gap_event,True,1,0.0,-0.1702587336435264,-0.1702587336435264,-8771.100000000002,-8771.100000000002,-8771.100000000002,-8771.100000000002,0.0,1.0,-8771.100000000002,0.0,0.995433789954338
holding_dte_event_type,1,31-45,noise_theta_decay,True,29,0.20689655172413793,-0.04654461014476534,-0.046505931879066,-3983.6068965517184,-115524.59999999983,-87463.19999999998,5175.199999999995,0.11464275970313542,-0.12471369734238462,-46010.04999999998,0.08333333333333333,0.8675799086757991
holding_dte_event_type,1,31-45,trend_vol_expansion,True,6,0.5,-0.006960611911961634,-0.018145167830987352,-337.3833333333267,-2024.2999999999602,-3514.4999999999927,3957.400000000007,0.7079564307869918,-0.7361557081460564,-3514.4999999999927,0.0,0.9726027397260274
holding_dte_event_type,1,31-45,up_shock,True,1,1.0,0.2707318803133015,0.2707318803133015,13359.400000000016,13359.400000000016,13359.400000000016,13359.400000000016,inf,1.0,13359.400000000016,0.08333333333333333,0.995433789954338
holding_dte_event_type,1,7-10,gap_event,True,1,1.0,0.5257510895136722,0.5257510895136722,13632.200000000006,13632.200000000006,13632.200000000006,13632.200000000006,inf,1.0,13632.200000000006,0.08333333333333333,0.995433789954338
holding_dte_event_type,1,7-10,noise_theta_decay,True,8,0.125,-0.05592829884847547,-0.09048036211696239,-921.8374999999984,-7374.699999999987,-2776.0999999999995,5324.900000000002,0.41929667076128435,-0.020936444872335164,-2776.0999999999995,0.08333333333333333,0.9634703196347032
holding_dte_event_type,1,7-10,trend_vol_expansion,True,2,0.0,-0.0668563381668345,-0.0668563381668345,-1452.3999999999987,-2904.7999999999975,-2290.2999999999965,-614.500000000001,0.0,1.0,-2290.2999999999965,0.0,0.9908675799086758
holding_dte,3,10-14,all,True,18,0.16666666666666666,-0.10210938839602017,-0.1326584132766905,-2730.677777777776,-49152.19999999997,-14395.999999999993,11690.7,0.22682141081866766,-0.25247293101834745,-14395.999999999993,0.06666666666666667,0.9178082191780822
holding_dte,3,15-21,all,True,62,0.20967741935483872,-0.053671521093232526,-0.13171532238981226,-1416.049999999997,-87795.09999999982,-11406.699999999995,20038.80000000001,0.5954763623831003,-0.948246542232997,-10107.924999999996,0.6,0.7168949771689498
holding_dte,3,22-30,all,True,91,0.25274725274725274,-0.0556228495639905,-0.089818065252574,-2013.1912087912046,-183200.39999999962,-14776.399999999996,35875.5,0.3827506820219462,-0.3992562243313889,-11478.659999999993,0.2,0.5844748858447488
holding_dte,3,31-45,all,True,37,0.32432432432432434,-0.048829476733446196,-0.050369125579665,-3816.1810810810753,-141198.69999999978,-90149.69999999998,10192.300000000008,0.22866518516576279,-0.22208986343358755,-49552.249999999985,0.06666666666666667,0.8310502283105023
holding_dte,3,7-10,all,True,11,0.45454545454545453,-0.01999348566731067,-0.0423700139102973,353.63636363636465,3890.000000000011,-6039.699999999999,13970.500000000004,1.1666895204141106,6.999177377892013,-6039.699999999999,0.06666666666666667,0.9497716894977168
holding_dte_event_type,3,10-14,gap_event,True,1,0.0,-0.1736437335236168,-0.1736437335236168,-5256.299999999996,-5256.299999999996,-5256.299999999996,-5256.299999999996,0.0,1.0,-5256.299999999996,0.0,0.995433789954338
holding_dte_event_type,3,10-14,noise_theta_decay,True,13,0.07692307692307693,-0.14247051823465057,-0.1556000259410582,-3690.0538461538445,-47970.699999999975,-14395.999999999993,1465.400000000005,0.029642305926236203,0.08943375852343192,-14395.999999999993,0.0,0.9406392694063928
holding_dte_event_type,3,10-14,trend_vol_expansion,True,3,0.3333333333333333,-0.06288867959612056,-0.0495116629964927,-2538.633333333332,-7615.899999999996,-7907.900000000001,1263.300000000001,0.14227633120100927,1.0,-7907.900000000001,0.0,0.9863013698630136
holding_dte_event_type,3,10-14,up_shock,True,1,1.0,0.3764575182340723,0.3764575182340723,11690.7,11690.7,11690.7,11690.7,inf,1.0,11690.7,0.06666666666666667,0.995433789954338
holding_dte_event_type,3,15-21,down_shock,True,5,1.0,0.3557636678635209,0.4658554029433109,13617.280000000004,68086.40000000002,1885.5999999999997,20038.80000000001,inf,1.0,1885.5999999999997,0.26666666666666666,0.9771689497716896
holding_dte_event_type,3,15-21,gap_event,True,4,0.0,-0.1825147669700415,-0.1607580448875811,-6639.074999999998,-26556.299999999992,-10896.499999999993,-5108.400000000001,0.0,0.9999999999999999,-10896.499999999993,0.0,0.9817351598173516
holding_dte_event_type,3,15-21,noise_theta_decay,True,33,0.06060606060606061,-0.1402593952070152,-0.1528440272862492,-3956.160606060603,-130553.2999999999,-11406.699999999995,1282.800000000006,0.012420269419767194,-0.004898382499714775,-10321.549999999996,0.0,0.8493150684931507
holding_dte_event_type,3,15-21,trend_vol_expansion,True,14,0.0,-0.14135706422974745,-0.134411857550412,-4162.985714285712,-58281.79999999996,-7076.399999999998,-1627.1999999999937,0.0,0.16600036374991828,-7076.399999999998,0.0,0.9360730593607306
holding_dte_event_type,3,15-21,up_shock,True,6,1.0,0.3718608936383516,0.36156546262237405,9918.316666666671,59509.90000000002,5666.000000000003,15226.9,inf,0.9047889510820888,5666.000000000003,0.3333333333333333,0.9726027397260274
holding_dte_event_type,3,22-30,down_shock,True,4,1.0,0.18062096867553962,0.17160659581650411,7073.350000000004,28293.400000000016,4749.800000000005,10181.8,inf,1.0,4749.800000000005,0.06666666666666667,0.9817351598173516
holding_dte_event_type,3,22-30,gap_event,True,5,0.2,0.01991360525797513,-0.1566242859775197,1404.3400000000063,7021.700000000032,-8449.299999999988,35875.5,1.243354428186237,1.0000000000000002,-8449.299999999988,0.06666666666666667,0.9771689497716896
holding_dte_event_type,3,22-30,noise_theta_decay,True,65,0.16923076923076924,-0.0870019628477447,-0.0983348197815815,-3103.207692307689,-201708.49999999977,-14776.399999999996,4326.900000000006,0.1036846916063189,-0.08691502837014825,-12235.999999999993,0.0,0.7031963470319635
holding_dte_event_type,3,22-30,trend_vol_expansion,True,14,0.2857142857142857,-0.0724472109327987,-0.08297234818266591,-2929.5499999999943,-41013.69999999992,-7613.599999999997,878.8000000000039,0.044094477177805035,-0.04184211617093885,-7613.599999999997,0.0,0.9360730593607306
holding_dte_event_type,3,22-30,up_shock,True,3,1.0,0.26188577561580567,0.2555205047318614,8068.9000000000015,24206.700000000004,5119.4000000000015,12574.9,inf,1.0,5119.4000000000015,0.06666666666666667,0.9863013698630136
holding_dte_event_type,3,31-45,down_shock,True,4,1.0,0.14906258202600597,0.1268513907512609,5858.60000000001,23434.40000000004,3366.6000000000054,10192.300000000008,inf,1.0,3366.6000000000054,0.06666666666666667,0.9817351598173516
holding_dte_event_type,3,31-45,gap_event,True,1,0.0,-0.1683273061147636,-0.1683273061147636,-8671.6,-8671.6,-8671.6,-8671.6,0.0,1.0,-8671.6,0.0,0.995433789954338
holding_dte_event_type,3,31-45,noise_theta_decay,True,26,0.11538461538461539,-0.09939691833572326,-0.08381087747390585,-6588.223076923071,-171293.79999999984,-90149.69999999998,2501.7000000000053,0.0158430301870772,-0.011132918996484673,-49552.249999999985,0.0,0.8812785388127854
holding_dte_event_type,3,31-45,trend_vol_expansion,True,5,0.8,0.0361018714304695,0.0477487291212784,1717.0000000000073,8585.000000000036,-334.699999999998,4543.700000000013,26.649835673737936,1.0,-334.699999999998,0.0,0.9771689497716896
holding_dte_event_type,3,31-45,up_shock,True,1,1.0,0.169196858449687,0.169196858449687,6747.300000000001,6747.300000000001,6747.300000000001,6747.300000000001,inf,1.0,6747.300000000001,0.0,0.995433789954338
holding_dte_event_type,3,7-10,gap_event,True,1,1.0,0.5387982567781251,0.5387982567781251,13970.500000000004,13970.500000000004,13970.500000000004,13970.500000000004,inf,1.0,13970.500000000004,0.06666666666666667,0.995433789954338
holding_dte_event_type,3,7-10,noise_theta_decay,True,7,0.2857142857142857,-0.12062428586013349,-0.2402495913716787,-1933.9428571428555,-13537.599999999988,-6039.699999999999,4906.999999999999,0.34387964793920384,0.1370626994445098,-6039.699999999999,0.0,0.9680365296803652
holding_dte_event_type,3,7-10,trend_vol_expansion,True,2,0.5,-0.06700944258300334,-0.06700944258300334,-927.199999999999,-1854.399999999998,-2704.000000000002,849.6000000000038,0.31420118343195386,1.0,-2704.000000000002,0.0,0.9908675799086758
holding_dte_event_type,3,7-10,up_shock,True,1,1.0,0.2196622870683986,0.2196622870683986,5311.499999999998,5311.499999999998,5311.499999999998,5311.499999999998,inf,1.0,5311.499999999998,0.0,0.995433789954338
holding_dte,5,10-14,all,True,18,0.2222222222222222,-0.03524042712590313,-0.2253130801276568,-1070.1333333333323,-19262.39999999998,-12505.499999999996,37202.69999999999,0.7699228991358255,-3.346306794584271,-12505.499999999996,0.21428571428571427,0.9178082191780822
holding_dte,5,15-21,all,True,62,0.22580645161290322,-0.073206754327334,-0.1632442130119068,-2089.7612903225777,-129565.19999999981,-14512.7,31724.4,0.5703527436167317,-0.8543621281023006,-11787.674999999997,0.42857142857142855,0.7168949771689498
holding_dte,5,22-30,all,True,91,0.26373626373626374,-0.09606711516439531,-0.1307577635289258,-3533.245054945051,-321525.29999999964,-18783.4,14420.7,0.2511050862617133,-0.1368924933745496,-15642.659999999994,0.0,0.5844748858447488
holding_dte,5,31-45,all,True,37,0.2702702702702703,-0.0495954665691261,-0.0914058470190851,-3419.79459459459,-126532.39999999982,-74627.69999999998,43996.19999999999,0.41738895007680243,-0.6626603146703938,-46238.89999999999,0.14285714285714285,0.8310502283105023
holding_dte,5,7-10,all,True,11,0.5454545454545454,0.05897913562282988,0.0797098690222358,2198.909090909093,24188.000000000022,-9423.4,26228.9,1.6424776880577994,2.5045435753266068,-9423.4,0.21428571428571427,0.9497716894977168
holding_dte_event_type,5,10-14,gap_event,True,1,0.0,-0.2998652157538997,-0.2998652157538997,-9077.099999999997,-9077.099999999997,-9077.099999999997,-9077.099999999997,0.0,1.0,-9077.099999999997,0.0,0.995433789954338
holding_dte_event_type,5,10-14,noise_theta_decay,True,11,0.09090909090909091,-0.22384724707928774,-0.2791102443525262,-4869.727272727271,-53566.999999999985,-9951.299999999996,827.000000000001,0.015203882781189124,0.21502044168984635,-9951.299999999996,0.0,0.9497716894977168
holding_dte_event_type,5,10-14,trend_vol_expansion,True,3,0.0,-0.17914378505309073,-0.1550087676372235,-6750.133333333329,-20250.399999999987,-12505.499999999996,-3040.8999999999965,0.0,1.0,-12505.499999999996,0.0,0.9863013698630136
holding_dte_event_type,5,10-14,up_shock,True,3,1.0,0.88842953350636,0.6186832826160461,21210.699999999997,63632.09999999999,7216.500000000002,37202.69999999999,inf,1.0,7216.500000000002,0.21428571428571427,0.9863013698630136
holding_dte_event_type,5,15-21,down_shock,True,3,1.0,0.18259831157973835,0.1194210436023151,7565.633333333335,22696.900000000005,3967.8,14630.200000000008,inf,1.0,3967.8,0.0,0.9863013698630136
holding_dte_event_type,5,15-21,gap_event,True,4,0.25,-0.1419756863597834,-0.19625105087479022,-5012.249999999995,-20048.99999999998,-10319.39999999999,2778.200000000004,0.12170568444662533,1.0,-10319.39999999999,0.0,0.9817351598173516
holding_dte_event_type,5,15-21,noise_theta_decay,True,24,0.0,-0.2560283277979316,-0.270562352285992,-6670.558333333331,-160093.39999999994,-14512.7,-826.5999999999963,0.0,0.08339194495213417,-12490.749999999996,0.0,0.8904109589041096
holding_dte_event_type,5,15-21,trend_vol_expansion,True,21,0.0,-0.18214651890055503,-0.1601374365696467,-5649.5809523809485,-118641.19999999992,-11293.899999999996,-262.7999999999986,0.0,0.07731799745788133,-11084.599999999995,0.0,0.904109589041096
holding_dte_event_type,5,15-21,up_shock,True,10,1.0,0.5451045806467225,0.39171740254365567,14652.150000000003,146521.50000000003,5887.100000000004,31724.4,inf,0.7326105725098365,5887.100000000004,0.42857142857142855,0.954337899543379
holding_dte_event_type,5,22-30,down_shock,True,8,1.0,0.14562436535435125,0.1272113776287689,6157.662500000004,49261.30000000003,2558.9,14420.7,inf,0.8120553050772105,2558.9,0.0,0.9634703196347032
holding_dte_event_type,5,22-30,gap_event,True,5,0.2,-0.15311741008069152,-0.2145408449868255,-6607.399999999994,-33036.99999999997,-10608.999999999998,2105.200000000008,0.059905185218910854,1.0,-10608.999999999998,0.0,0.9771689497716896
holding_dte_event_type,5,22-30,noise_theta_decay,True,53,0.07547169811320754,-0.17192187025223427,-0.1987007408998174,-6126.96226415094,-324728.9999999998,-18783.4,5868.600000000004,0.034876283794145986,-0.03490079420070282,-17794.599999999995,0.0,0.7579908675799087
holding_dte_event_type,5,22-30,trend_vol_expansion,True,17,0.17647058823529413,-0.08269830301624043,-0.0689899128212149,-3035.0058823529366,-51595.099999999926,-8134.599999999989,2243.500000000006,0.10622548815809568,-0.10862659438590157,-8134.599999999989,0.0,0.9223744292237444
holding_dte_event_type,5,22-30,up_shock,True,8,1.0,0.17202686528164712,0.15953001367659356,4821.812500000004,38574.50000000003,3089.6000000000045,8821.900000000005,inf,0.7270113676133197,3089.6000000000045,0.0,0.9634703196347032
holding_dte_event_type,5,31-45,down_shock,True,5,1.0,0.3674698886147286,0.2645243282498186,16001.320000000003,80006.60000000002,1970.6000000000015,43996.19999999999,inf,1.0,1970.6000000000015,0.14285714285714285,0.9771689497716896
holding_dte_event_type,5,31-45,gap_event,True,1,0.0,-0.2177718508510898,-0.2177718508510898,-11218.8,-11218.8,-11218.8,-11218.8,0.0,1.0,-11218.8,0.0,0.995433789954338
holding_dte_event_type,5,31-45,noise_theta_decay,True,16,0.0625,-0.13970354951148378,-0.1387651579063304,-5865.924999999996,-93854.79999999993,-17850.099999999988,271.2000000000046,0.002881244289569352,0.08329035915051752,-17850.099999999988,0.0,0.9269406392694064
holding_dte_event_type,5,31-45,trend_vol_expansion,True,13,0.15384615384615385,-0.11002526609274825,-0.0878628596149685,-8480.55384615384,-110247.19999999991,-74627.69999999998,960.2000000000146,0.014213568342442019,0.014954574810062876,-74627.69999999998,0.0,0.9406392694063928
holding_dte_event_type,5,31-45,up_shock,True,2,1.0,0.1054876980546247,0.1054876980546247,4390.9000000000015,8781.800000000003,2969.800000000004,5812.0,inf,1.0,2969.800000000004,0.0,0.9908675799086758
holding_dte_event_type,5,7-10,down_shock,True,2,1.0,0.4411862382119822,0.4411862382119822,9517.950000000004,19035.90000000001,5066.9000000000015,13969.00000000001,inf,1.0,5066.9000000000015,0.07142857142857142,0.9908675799086758
holding_dte_event_type,5,7-10,gap_event,True,1,1.0,1.0115662000077137,1.0115662000077137,26228.9,26228.9,26228.9,26228.9,inf,1.0,26228.9,0.07142857142857142,0.995433789954338
holding_dte_event_type,5,7-10,noise_theta_decay,True,5,0.0,-0.3944879051641055,-0.3898640767454592,-7529.5999999999985,-37647.99999999999,-9423.4,-5440.999999999996,0.0,1.0,-9423.4,0.0,0.9771689497716896
holding_dte_event_type,5,7-10,trend_vol_expansion,True,1,1.0,0.0797098690222358,0.0797098690222358,1256.1000000000008,1256.1000000000008,1256.1000000000008,1256.1000000000008,inf,1.0,1256.1000000000008,0.0,0.995433789954338
holding_dte_event_type,5,7-10,up_shock,True,2,1.0,0.3237807361088711,0.3237807361088711,7657.550000000003,15315.100000000006,4949.000000000004,10366.100000000002,inf,1.0,4949.000000000004,0.07142857142857142,0.9908675799086758
