strategy,holding_days,event_type,dte_bucket,data_source,trade_count,premium_cost,win_rate,avg_return,median_return,max_loss,max_win,top_5_wins_contribution,event_type_capture
3% OTM strangle,1,all,all,provider_chain,468,138.24633974358971,0.2948717948717949,-0.0064749431378854205,-0.060935185774361855,-14105.499999999998,53044.69999999999,-2.1713168442102266,
3% OTM strangle,3,all,all,provider_chain,468,138.24633974358971,0.3141025641025641,0.048838146909611496,-0.14492074087042786,-17978.699999999997,96902.29999999999,13.280022403336982,
3% OTM strangle,5,all,all,provider_chain,468,138.24633974358971,0.30982905982905984,0.10028072399970697,-0.20396053710049758,-20489.199999999997,131588.3,3.8072901184582104,
5% OTM strangle,1,all,all,provider_chain,467,87.65536830835116,0.30620985010706636,-0.0011374129192012617,-0.06960709274142102,-11131.799999999992,45665.200000000004,-14.618320055673408,
5% OTM strangle,3,all,all,provider_chain,467,87.65536830835116,0.29336188436830835,0.09601248970254471,-0.18287406754664556,-18076.89999999999,93171.09999999998,3.610364777626358,
5% OTM strangle,5,all,all,provider_chain,467,87.65536830835116,0.2890792291220557,0.17903616701680128,-0.2660286907901293,-15797.299999999992,124031.40000000001,2.019281120606945,
ATM straddle,1,all,all,processed_trade_details,470,318.8514319148935,0.30638297872340425,-0.012753954979562105,-0.035914936087053054,-87463.19999999998,41141.30000000001,-0.49120663370989903,
ATM straddle,2,all,all,processed_trade_details,470,318.8514319148935,0.2957446808510638,-0.0019258042153684177,-0.0588843869161294,-84040.39999999998,70853.7,-1.2658885809112803,
ATM straddle,3,all,all,processed_trade_details,470,318.8514319148935,0.32978723404255317,0.009343435952710642,-0.07400946153246754,-90149.69999999998,102295.7,-2.2303253558114307,
ATM straddle,5,all,all,processed_trade_details,470,318.8514319148935,0.3382978723404255,0.02248906943483147,-0.10611079124662376,-97513.49999999996,139300.69999999998,-4.254323195630577,
3% OTM strangle,1,down_shock,10-14,provider_chain,3,119.12599999999998,1.0,0.5597486522337417,0.6236815920398014,3447.400000000002,12823.700000000004,1.0,0.02040816326530612
3% OTM strangle,1,down_shock,15-21,provider_chain,8,146.704875,1.0,0.5490049758308874,0.348917557422235,1688.2000000000005,24807.0,0.8771043798121075,0.05442176870748299
3% OTM strangle,1,down_shock,22-30,provider_chain,8,153.71474999999998,1.0,0.3954105966864788,0.3402431369680393,3131.800000000001,8044.2000000000035,0.7351442710787534,0.05442176870748299
3% OTM strangle,1,down_shock,31-45,provider_chain,1,184.11599999999996,1.0,0.5218231984183884,0.5218231984183884,9607.599999999999,9607.599999999999,1.0,0.006802721088435374
3% OTM strangle,1,down_shock,7-10,provider_chain,1,119.79599999999998,1.0,0.48839694146716106,0.48839694146716106,5850.800000000002,5850.800000000002,1.0,0.006802721088435374
3% OTM strangle,1,gap_event,10-14,provider_chain,3,154.43499999999997,0.0,-0.3889018871255574,-0.3564676616915422,-13723.199999999997,-3126.999999999998,1.0,0.047619047619047616
3% OTM strangle,1,gap_event,15-21,provider_chain,6,177.148,0.3333333333333333,0.6670164650001432,-0.09858451043152536,-5251.4,53044.69999999999,1.0641153524488587,0.09523809523809523
3% OTM strangle,1,gap_event,22-30,provider_chain,7,219.77914285714283,0.5714285714285714,0.23254422526819685,0.03257214736689328,-9457.099999999997,17740.100000000002,1.4594956056553303,0.1111111111111111
3% OTM strangle,1,gap_event,31-45,provider_chain,3,249.23999999999998,0.0,-0.15400266579113206,-0.21336047037539557,-5966.299999999998,-428.1999999999982,1.0,0.047619047619047616
3% OTM strangle,1,gap_event,7-10,provider_chain,2,131.253,0.5,0.5905413816428774,0.5905413816428774,-5353.899999999999,8933.4,1.0,0.031746031746031744
3% OTM strangle,1,noise_theta_decay,10-14,provider_chain,35,81.38777142857141,0.14285714285714285,-0.08802453007268887,-0.12765974686826453,-14105.499999999998,7676.200000000002,-0.2544658606615425,0.042067307692307696
3% OTM strangle,1,noise_theta_decay,15-21,provider_chain,86,100.44390697674416,0.2558139534883721,-0.06041735460912743,-0.07440403709060406,-10168.799999999996,3206.6000000000004,-0.2023345421577519,0.10336538461538461
3% OTM strangle,1,noise_theta_decay,22-30,provider_chain,148,152.60517567567567,0.22297297297297297,-0.0549963745133183,-0.060935185774361855,-9309.899999999996,6241.7,-0.12608244101394706,0.1778846153846154
3% OTM strangle,1,noise_theta_decay,31-45,provider_chain,59,188.5822881355932,0.23728813559322035,-0.030084655127792397,-0.038595449515532454,-6887.899999999996,4507.300000000004,-0.37099151495837274,0.07091346153846154
3% OTM strangle,1,noise_theta_decay,7-10,provider_chain,20,64.55114999999999,0.15,-0.13537435379049828,-0.16195200468246987,-5331.699999999996,2208.8000000000006,-0.0952417960325635,0.02403846153846154
3% OTM strangle,1,trend_vol_expansion,10-14,provider_chain,2,128.94149999999996,0.5,0.17026126456564084,0.17026126456564084,-3495.0999999999967,2283.300000000001,1.0,0.007142857142857143
3% OTM strangle,1,trend_vol_expansion,15-21,provider_chain,27,115.10600000000001,0.2962962962962963,-0.03834084998736752,-0.08731837501235547,-3394.6999999999975,3721.799999999999,-1.3381704326247343,0.09642857142857143
3% OTM strangle,1,trend_vol_expansion,22-30,provider_chain,26,152.14153846153843,0.38461538461538464,-0.01865308405322327,-0.04805100298571595,-3001.000000000002,2741.300000000001,-1.094747019013863,0.09285714285714286
3% OTM strangle,1,trend_vol_expansion,31-45,provider_chain,13,197.67576923076922,0.46153846153846156,-0.01999233651528191,-0.007177000153295354,-10595.800000000003,3249.7000000000016,-0.673331565455673,0.04642857142857143
3% OTM strangle,1,trend_vol_expansion,7-10,provider_chain,3,53.46599999999999,0.6666666666666666,0.02452036915744819,0.014197306152165964,-1953.2999999999995,852.6000000000004,1.0,0.010714285714285714
3% OTM strangle,1,up_shock,10-14,provider_chain,1,180.89999999999998,1.0,0.17595909342178026,0.17595909342178026,3183.1000000000045,3183.1000000000045,1.0,0.012195121951219513
3% OTM strangle,1,up_shock,15-21,provider_chain,2,96.1785,0.5,0.3754049731800208,0.3754049731800208,-1431.4999999999998,4583.3,1.0,0.024390243902439025
3% OTM strangle,1,up_shock,22-30,provider_chain,3,124.01699999999998,1.0,0.8236373383551835,0.5081757877280267,3064.3000000000015,9937.800000000001,1.0,0.036585365853658534
3% OTM strangle,1,up_shock,31-45,provider_chain,1,273.159,1.0,0.4096734868702844,0.4096734868702844,11190.6,11190.6,1.0,0.012195121951219513
3% OTM strangle,3,down_shock,10-14,provider_chain,3,102.04099999999998,1.0,1.4489126620773944,1.1341072415699285,5129.000000000001,27352.300000000003,1.0,0.02040816326530612
3% OTM strangle,3,down_shock,15-21,provider_chain,21,102.40471428571428,1.0,1.533879055572337,0.7400874415799789,619.3000000000012,60182.99999999999,0.6096218527908703,0.14285714285714285
3% OTM strangle,3,down_shock,22-30,provider_chain,22,148.6029545454545,1.0,0.4793107811676969,0.33880456474688714,850.5000000000024,30929.399999999998,0.5119637629456065,0.14965986394557823
3% OTM strangle,3,down_shock,31-45,provider_chain,9,163.413,0.8888888888888888,0.2935893004220112,0.23586107264365477,-788.2000000000005,11643.600000000004,0.8139991635653293,0.061224489795918366
3% OTM strangle,3,down_shock,7-10,provider_chain,2,96.98249999999999,1.0,0.6996092657427293,0.6996092657427293,1100.3,14984.9,1.0,0.013605442176870748
3% OTM strangle,3,gap_event,10-14,provider_chain,3,154.43499999999997,0.0,-0.491366794667194,-0.5035806881087519,-12270.499999999996,-3908.7999999999993,1.0,0.047619047619047616
3% OTM strangle,3,gap_event,15-21,provider_chain,6,177.148,0.3333333333333333,0.1388537213083373,-0.2690849863666611,-7168.599999999999,27353.800000000003,1.3484351380646165,0.09523809523809523
3% OTM strangle,3,gap_event,22-30,provider_chain,7,219.77914285714283,0.2857142857142857,0.9166197118833496,-0.19329279528284496,-11506.799999999996,96902.29999999999,1.2106436207437932,0.1111111111111111
3% OTM strangle,3,gap_event,31-45,provider_chain,3,249.23999999999998,0.3333333333333333,-0.07022600893752451,-0.2529977563164568,-6483.699999999996,8128.800000000001,1.0,0.047619047619047616
3% OTM strangle,3,gap_event,7-10,provider_chain,2,131.253,0.5,0.6065207038597414,0.6065207038597414,-697.2999999999985,7699.5999999999985,1.0,0.031746031746031744
3% OTM strangle,3,noise_theta_decay,10-14,provider_chain,29,73.82244827586206,0.0,-0.39244004451232745,-0.39250972329764416,-9206.399999999994,-4.999999999999005,0.04079839346241352,0.03485576923076923
3% OTM strangle,3,noise_theta_decay,15-21,provider_chain,65,104.69935384615383,0.1076923076923077,-0.23808813830974063,-0.2545734363203437,-8012.799999999998,2861.4000000000033,-0.033408541878000145,0.078125
3% OTM strangle,3,noise_theta_decay,22-30,provider_chain,114,148.96744736842103,0.12280701754385964,-0.17301246725723265,-0.18793410642524622,-13049.099999999993,3741.0000000000055,-0.03966387927059659,0.13701923076923078
3% OTM strangle,3,noise_theta_decay,31-45,provider_chain,51,197.61847058823528,0.13725490196078433,-0.11417469374376317,-0.11243229324725712,-17978.699999999997,2003.800000000001,-0.027826788700141086,0.06129807692307692
3% OTM strangle,3,noise_theta_decay,7-10,provider_chain,19,64.19305263157894,0.10526315789473684,-0.4405702731852916,-0.5007198962209011,-8139.699999999999,596.9000000000023,0.04804253816119822,0.02283653846153846
3% OTM strangle,3,trend_vol_expansion,10-14,provider_chain,6,137.819,0.5,-0.05287755948395595,-0.05340243228302914,-14841.799999999996,2625.900000000004,0.031839738028297385,0.02142857142857143
3% OTM strangle,3,trend_vol_expansion,15-21,provider_chain,29,119.65737931034482,0.27586206896551724,-0.17236370186897934,-0.17812308321406656,-6207.5,1732.5999999999995,-0.08340138450781666,0.10357142857142858
3% OTM strangle,3,trend_vol_expansion,22-30,provider_chain,36,171.17941666666667,0.2222222222222222,-0.07221215393073394,-0.09874159864767462,-7911.099999999996,5365.4,-0.23489639583071728,0.12857142857142856
3% OTM strangle,3,trend_vol_expansion,31-45,provider_chain,12,184.36724999999993,0.8333333333333334,0.04896749549560129,0.0801330051349468,-4077.7999999999965,3628.6000000000004,1.1370431819996605,0.04285714285714286
3% OTM strangle,3,trend_vol_expansion,7-10,provider_chain,2,47.23499999999999,0.0,-0.29083821553591493,-0.29083821553591493,-2359.499999999999,-580.1999999999999,1.0,0.007142857142857143
3% OTM strangle,3,up_shock,10-14,provider_chain,3,123.61499999999997,1.0,0.2207219439099429,0.255467344130412,1206.7000000000007,3976.600000000002,1.0,0.036585365853658534
3% OTM strangle,3,up_shock,15-21,provider_chain,8,85.75162499999999,1.0,0.6167388309270756,0.5099030036984916,3196.3999999999996,9264.8,0.7209996233073613,0.0975609756097561
3% OTM strangle,3,up_shock,22-30,provider_chain,13,133.00015384615384,0.9230769230769231,2.0902197894510346,0.4065684791899536,-1645.4999999999984,92575.29999999999,0.8746883827570289,0.15853658536585366
3% OTM strangle,3,up_shock,31-45,provider_chain,2,195.8745,1.0,0.16107351962555155,0.16107351962555155,2118.5,4377.100000000001,1.0,0.024390243902439025
3% OTM strangle,3,up_shock,7-10,provider_chain,1,63.11399999999999,1.0,0.5260639477770387,0.5260639477770387,3320.200000000001,3320.200000000001,1.0,0.012195121951219513
3% OTM strangle,5,down_shock,10-14,provider_chain,2,130.44899999999998,1.0,2.8818788299716998,2.8818788299716998,29123.0,46038.40000000001,1.0,0.013605442176870748
3% OTM strangle,5,down_shock,15-21,provider_chain,18,94.336,1.0,1.7751250371837353,0.8744456935571177,101.90000000000197,58514.7,0.6919531946439894,0.12244897959183673
3% OTM strangle,5,down_shock,22-30,provider_chain,27,156.63855555555554,0.9629629629629629,0.57552571859119,0.2699015596653797,-891.799999999995,43379.3,0.560114532972584,0.1836734693877551
3% OTM strangle,5,down_shock,31-45,provider_chain,18,158.04183333333333,0.9444444444444444,0.39239534867396314,0.2514979207078025,-335.39999999999566,40024.899999999994,0.7288860478872603,0.12244897959183673
3% OTM strangle,5,down_shock,7-10,provider_chain,4,62.61149999999999,1.0,2.294453997601536,1.8513115512182678,893.2000000000006,60794.7,1.0,0.027210884353741496
3% OTM strangle,5,gap_event,10-14,provider_chain,3,154.43499999999997,0.0,-0.7535067280915504,-0.8199909543193126,-20489.199999999997,-7252.0,1.0,0.047619047619047616
3% OTM strangle,5,gap_event,15-21,provider_chain,6,177.148,0.3333333333333333,-0.2110419119514961,-0.3278866238101312,-7888.999999999998,5921.500000000004,0.6501490048603966,0.09523809523809523
3% OTM strangle,5,gap_event,22-30,provider_chain,7,219.77914285714283,0.2857142857142857,0.19010235193018094,-0.29807618255471857,-10413.799999999996,41341.5,3.5683055917772437,0.1111111111111111
3% OTM strangle,5,gap_event,31-45,provider_chain,3,249.23999999999998,0.3333333333333333,-0.10282679433610747,-0.34773192859233243,-8911.499999999998,10795.400000000007,1.0,0.047619047619047616
3% OTM strangle,5,gap_event,7-10,provider_chain,2,131.253,0.5,1.3556926641584786,1.3556926641584786,-657.4999999999989,16933.2,1.0,0.031746031746031744
3% OTM strangle,5,noise_theta_decay,10-14,provider_chain,28,69.34499999999998,0.03571428571428571,-0.6139385922517283,-0.6619457630662352,-10752.699999999999,353.0000000000008,0.059462468114817944,0.03365384615384615
3% OTM strangle,5,noise_theta_decay,15-21,provider_chain,46,95.27836956521737,0.021739130434782608,-0.4376516117757593,-0.4473857642750021,-9703.199999999999,1810.6999999999998,0.014500900252693395,0.055288461538461536
3% OTM strangle,5,noise_theta_decay,22-30,provider_chain,88,148.81994318181816,0.06818181818181818,-0.27682604646851133,-0.29121780746192927,-13319.6,4724.4,-0.039791453877463946,0.10576923076923077
3% OTM strangle,5,noise_theta_decay,31-45,provider_chain,30,194.16599999999997,0.13333333333333333,-0.20594928224539547,-0.2201425032398412,-17089.1,823.4000000000009,-0.014278300780724496,0.036057692307692304
3% OTM strangle,5,noise_theta_decay,7-10,provider_chain,14,59.59649999999999,0.0,-0.8061431644315079,-0.8035651289009498,-9588.499999999998,-2094.6,0.2192751553632497,0.016826923076923076
3% OTM strangle,5,trend_vol_expansion,10-14,provider_chain,6,139.25949999999997,0.0,-0.39801969315081087,-0.39309117682652706,-10702.599999999999,-837.9999999999995,0.643540151941568,0.02142857142857143
3% OTM strangle,5,trend_vol_expansion,15-21,provider_chain,46,121.40836956521737,0.06521739130434782,-0.2705459491468823,-0.23786551813508272,-13710.999999999996,710.9000000000009,-0.004731679092494347,0.16428571428571428
3% OTM strangle,5,trend_vol_expansion,22-30,provider_chain,46,172.87747826086954,0.15217391304347827,-0.1578408706598349,-0.16830898618718826,-10383.099999999997,3473.8,-0.07028363217752842,0.16428571428571428
3% OTM strangle,5,trend_vol_expansion,31-45,provider_chain,22,218.63318181818178,0.18181818181818182,-0.09811471705199303,-0.09747976515960627,-7281.699999999998,6306.300000000005,-0.19283040736916013,0.07857142857142857
3% OTM strangle,5,trend_vol_expansion,7-10,provider_chain,4,87.98774999999999,0.25,-0.2928785419278176,-0.3924847557195822,-12714.599999999997,753.1000000000003,0.9999999999999998,0.014285714285714285
3% OTM strangle,5,up_shock,10-14,provider_chain,5,121.32359999999998,1.0,1.2753936113211417,0.3981702598120509,127.60000000000069,34018.700000000004,1.0,0.06097560975609756
3% OTM strangle,5,up_shock,15-21,provider_chain,13,111.26123076923075,1.0,0.9186936014319832,0.49574680494707246,1181.0000000000032,21674.600000000002,0.6868321280593973,0.15853658536585366
3% OTM strangle,5,up_shock,22-30,provider_chain,24,119.38562499999999,0.9583333333333334,2.580244766108445,0.38919777943717937,-536.399999999999,131588.3,0.8406351492240649,0.2926829268292683
3% OTM strangle,5,up_shock,31-45,provider_chain,4,168.438,0.75,0.26874933154868264,0.1345953923363245,-1224.6999999999985,6296.6,1.0,0.04878048780487805
3% OTM strangle,5,up_shock,7-10,provider_chain,2,67.2345,0.5,0.23945844474585898,0.23945844474585898,-2001.299999999999,4792.799999999999,1.0,0.024390243902439025
5% OTM strangle,1,down_shock,10-14,provider_chain,3,71.824,1.0,0.8071596008849561,0.7291731000171557,2780.5000000000005,8500.7,1.0,0.02040816326530612
5% OTM strangle,1,down_shock,15-21,provider_chain,8,93.18862499999999,1.0,0.8156189700061534,0.4860795543872594,1298.8,24132.1,0.8741289339772469,0.05442176870748299
5% OTM strangle,1,down_shock,22-30,provider_chain,8,95.37449999999998,1.0,0.5429008934467912,0.48356903650198224,2456.4000000000005,5828.900000000004,0.744640062385937,0.05442176870748299
5% OTM strangle,1,down_shock,31-45,provider_chain,1,124.419,1.0,0.7273889036240445,0.7273889036240445,9050.099999999999,9050.099999999999,1.0,0.006802721088435374
5% OTM strangle,1,down_shock,7-10,provider_chain,1,73.767,1.0,0.6995404449143928,0.6995404449143928,5160.300000000001,5160.300000000001,1.0,0.006802721088435374
5% OTM strangle,1,gap_event,10-14,provider_chain,3,66.93299999999999,0.0,-0.39215427324726965,-0.36144720186051976,-5165.499999999999,-1227.7999999999995,1.0,0.047619047619047616
5% OTM strangle,1,gap_event,15-21,provider_chain,6,125.625,0.3333333333333333,0.7569126675573923,-0.1809560968231231,-3477.9999999999995,45665.200000000004,1.0459530771253298,0.09523809523809523
5% OTM strangle,1,gap_event,22-30,provider_chain,7,145.4665714285714,0.5714285714285714,0.3470511897946148,0.11295247898438847,-9301.599999999999,16377.000000000002,1.5412830374921285,0.1111111111111111
5% OTM strangle,1,gap_event,31-45,provider_chain,3,163.547,0.3333333333333333,-0.11496678342514144,-0.0874324032013843,-4652.599999999997,800.0000000000028,1.0,0.047619047619047616
5% OTM strangle,1,gap_event,7-10,provider_chain,2,107.13300000000001,0.5,0.35668585086511356,0.35668585086511356,-9423.1,5548.3,1.0,0.031746031746031744
5% OTM strangle,1,noise_theta_decay,10-14,provider_chain,35,44.80002857142856,0.14285714285714285,-0.10047791892637972,-0.1731452626975013,-8889.399999999998,3051.0,-0.17761206828787254,0.0421179302045728
5% OTM strangle,1,noise_theta_decay,15-21,provider_chain,85,58.20014117647059,0.3058823529411765,-0.07835848343974197,-0.09937409725565712,-3956.999999999999,2009.6,-0.1774770078564251,0.1022864019253911
5% OTM strangle,1,noise_theta_decay,22-30,provider_chain,148,97.64525675675675,0.23648648648648649,-0.06238688730888824,-0.06595969693306691,-6606.099999999998,5347.200000000001,-0.14088010900000925,0.17809867629362214
5% OTM strangle,1,noise_theta_decay,31-45,provider_chain,59,128.1289830508474,0.2033898305084746,-0.04266770218139618,-0.055762319507859155,-5957.399999999999,4688.500000000002,-0.39678653951298176,0.07099879663056559
5% OTM strangle,1,noise_theta_decay,7-10,provider_chain,20,32.62229999999999,0.15,-0.15424470680224284,-0.19197556754931586,-4569.899999999997,398.70000000000016,-0.060851717314905185,0.024067388688327317
5% OTM strangle,1,trend_vol_expansion,10-14,provider_chain,2,89.14349999999999,0.5,0.2187161561574664,0.2187161561574664,-3638.8999999999983,1411.8000000000002,1.0,0.007194244604316547
5% OTM strangle,1,trend_vol_expansion,15-21,provider_chain,27,67.7742222222222,0.3333333333333333,-0.0386092998811962,-0.08901672194582629,-2668.799999999999,2464.9,-1.3622705743043273,0.09712230215827339
5% OTM strangle,1,trend_vol_expansion,22-30,provider_chain,26,97.43861538461539,0.34615384615384615,-0.02692761832973372,-0.02772859283213013,-2765.5,1956.4000000000008,-0.9512895157653071,0.09352517985611511
5% OTM strangle,1,trend_vol_expansion,31-45,provider_chain,13,140.71546153846154,0.46153846153846156,-0.027839476785130417,-0.00714026838371998,-11131.799999999992,3114.5000000000036,-0.4641274538375903,0.046762589928057555
5% OTM strangle,1,trend_vol_expansion,7-10,provider_chain,3,28.943999999999992,0.3333333333333333,-0.08426840875032748,-0.0277889830128635,-1245.699999999999,168.90000000000018,1.0,0.01079136690647482
5% OTM strangle,1,up_shock,10-14,provider_chain,1,128.23799999999997,1.0,0.25695971552893865,0.25695971552893865,3295.2000000000025,3295.2000000000025,1.0,0.012195121951219513
5% OTM strangle,1,up_shock,15-21,provider_chain,2,50.24999999999999,1.0,0.5933200663349918,0.5933200663349918,303.1000000000006,2880.3999999999996,1.0,0.024390243902439025
5% OTM strangle,1,up_shock,22-30,provider_chain,3,89.847,1.0,1.1971203754554354,0.8881037291419015,4034.300000000001,10217.700000000003,1.0,0.036585365853658534
5% OTM strangle,1,up_shock,31-45,provider_chain,1,200.59799999999998,1.0,0.4870586945034348,0.4870586945034348,9770.300000000001,9770.300000000001,1.0,0.012195121951219513
5% OTM strangle,3,down_shock,10-14,provider_chain,3,56.61499999999999,1.0,2.0127799565654048,1.4967516785007005,1538.6000000000001,25060.699999999997,1.0,0.02040816326530612
5% OTM strangle,3,down_shock,15-21,provider_chain,21,60.23299999999999,1.0,2.3151312710729264,1.0944105305176663,514.8000000000003,60909.899999999994,0.65763392218286,0.14285714285714285
5% OTM strangle,3,down_shock,22-30,provider_chain,22,98.12454545454544,1.0,0.5871749002469243,0.39009102086819925,420.10000000000076,26650.5,0.5394788124889865,0.14965986394557823
5% OTM strangle,3,down_shock,31-45,provider_chain,9,108.56233333333333,1.0,0.3677439265886868,0.3631992015605862,436.00000000000136,7682.9,0.7526281975471222,0.061224489795918366
5% OTM strangle,3,down_shock,7-10,provider_chain,2,59.19449999999999,1.0,0.8826001262558262,0.8826001262558262,373.5000000000007,12403.900000000001,1.0,0.013605442176870748
5% OTM strangle,3,gap_event,10-14,provider_chain,3,66.93299999999999,0.0,-0.6098897117680125,-0.6133533515852688,-5165.499999999999,-2083.4999999999995,1.0,0.047619047619047616
5% OTM strangle,3,gap_event,15-21,provider_chain,6,125.625,0.3333333333333333,0.013412629492459015,-0.2475453800606475,-6857.899999999998,15934.600000000004,1.6971677781392318,0.09523809523809523
5% OTM strangle,3,gap_event,22-30,provider_chain,7,145.4665714285714,0.2857142857142857,1.3710030864606193,-0.2949975397736591,-11132.399999999996,93171.09999999998,1.1711050987854938,0.1111111111111111
5% OTM strangle,3,gap_event,31-45,provider_chain,3,163.547,0.3333333333333333,-0.0007467917531337279,-0.14482659167928472,-5508.299999999997,9715.200000000004,1.0,0.047619047619047616
5% OTM strangle,3,gap_event,7-10,provider_chain,2,107.13300000000001,0.5,0.12798748597328397,0.12798748597328397,-9323.6,3518.5,1.0,0.031746031746031744
5% OTM strangle,3,noise_theta_decay,10-14,provider_chain,29,40.17920689655171,0.0,-0.45174632478598314,-0.4525915396562162,-8116.399999999999,-114.89999999999974,0.034560154846635396,0.03489771359807461
5% OTM strangle,3,noise_theta_decay,15-21,provider_chain,65,62.73673846153846,0.046153846153846156,-0.312386584479879,-0.349673202614379,-7200.699999999999,1923.1000000000022,-0.016172027572316117,0.07821901323706378
5% OTM strangle,3,noise_theta_decay,22-30,provider_chain,114,94.22315789473683,0.10526315789473684,-0.21433024462813288,-0.21936502522550783,-9418.8,3113.900000000001,-0.04425986550771035,0.1371841155234657
5% OTM strangle,3,noise_theta_decay,31-45,provider_chain,51,136.58935294117646,0.11764705882352941,-0.1424366414092141,-0.14846638367794052,-18076.89999999999,2195.2,-0.03219226797425856,0.061371841155234655
5% OTM strangle,3,noise_theta_decay,7-10,provider_chain,19,32.82647368421052,0.05263157894736842,-0.4917072565150502,-0.5653440116490717,-6201.699999999995,287.4000000000006,0.05809035544382639,0.02286401925391095
5% OTM strangle,3,trend_vol_expansion,10-14,provider_chain,6,87.26749999999998,0.3333333333333333,-0.16495636911871545,-0.2718835793023675,-10680.399999999998,2101.200000000003,0.23999146089802856,0.02158273381294964
5% OTM strangle,3,trend_vol_expansion,15-21,provider_chain,28,68.04567857142855,0.2857142857142857,-0.1765785268026901,-0.197642397427832,-4611.199999999999,1162.8,-0.12565693554402754,0.10071942446043165
5% OTM strangle,3,trend_vol_expansion,22-30,provider_chain,36,111.27583333333331,0.2222222222222222,-0.08732286322901954,-0.11987020536181943,-5763.1,4433.499999999999,-0.22783113047208906,0.12949640287769784
5% OTM strangle,3,trend_vol_expansion,31-45,provider_chain,12,127.08224999999999,0.6666666666666666,0.020290299447151695,0.06508869706223708,-3741.3999999999974,2685.9000000000037,4.061949818763803,0.04316546762589928
5% OTM strangle,3,trend_vol_expansion,7-10,provider_chain,2,19.497,0.0,-0.37241190182366646,-0.37241190182366646,-605.6999999999998,-547.4999999999998,1.0,0.007194244604316547
5% OTM strangle,3,up_shock,10-14,provider_chain,3,77.117,0.6666666666666666,0.07229851104156403,0.0681761261718618,-339.59999999999934,1007.2000000000003,1.0,0.036585365853658534
5% OTM strangle,3,up_shock,15-21,provider_chain,8,46.858124999999994,1.0,0.5393606679118871,0.6473327805417357,194.70000000000027,5655.9,0.8778015055255992,0.0975609756097561
5% OTM strangle,3,up_shock,22-30,provider_chain,13,85.48684615384614,1.0,3.232643271828981,0.5200175592625113,113.2000000000005,86671.3,0.8721942667757938,0.15853658536585366
5% OTM strangle,3,up_shock,31-45,provider_chain,2,122.91149999999999,1.0,0.344147107124556,0.344147107124556,2795.8000000000043,5894.7000000000035,1.0,0.024390243902439025
5% OTM strangle,3,up_shock,7-10,provider_chain,1,31.958999999999993,1.0,0.8680183985731723,0.8680183985731723,2774.100000000001,2774.100000000001,1.0,0.012195121951219513
5% OTM strangle,5,down_shock,10-14,provider_chain,2,78.0885,1.0,4.382014601153033,4.382014601153033,25847.300000000003,41398.59999999999,1.0,0.013605442176870748
5% OTM strangle,5,down_shock,15-21,provider_chain,18,55.08516666666665,0.9444444444444444,2.55658508998558,0.9000940359470297,-82.19999999999956,59522.99999999999,0.7452447621722182,0.12244897959183673
5% OTM strangle,5,down_shock,22-30,provider_chain,27,97.351,0.9259259259259259,0.7486108791493493,0.40305867114133515,-678.3999999999963,38199.3,0.5912029692964458,0.1836734693877551
5% OTM strangle,5,down_shock,31-45,provider_chain,18,104.48649999999999,0.9444444444444444,0.48437626313180915,0.24931544944363795,-187.0999999999988,38775.299999999996,0.7815984495286291,0.12244897959183673
5% OTM strangle,5,down_shock,7-10,provider_chain,4,34.2705,1.0,3.107481791079943,2.364339425185899,126.50000000000023,56084.40000000001,1.0,0.027210884353741496
5% OTM strangle,5,gap_event,10-14,provider_chain,3,66.93299999999999,0.0,-0.811140873074283,-0.8301098059995877,-8608.199999999997,-2819.7999999999993,1.0,0.047619047619047616
5% OTM strangle,5,gap_event,15-21,provider_chain,6,125.625,0.0,-0.444942223414921,-0.4324530052921927,-10542.499999999998,-1875.8999999999987,0.6590218122541917,0.09523809523809523
5% OTM strangle,5,gap_event,22-30,provider_chain,7,145.4665714285714,0.2857142857142857,0.31169571920663347,-0.34887525562372185,-10157.299999999996,37630.200000000004,2.311336677762668,0.1111111111111111
5% OTM strangle,5,gap_event,31-45,provider_chain,3,163.547,0.3333333333333333,-0.06412179830732512,-0.26391953277092806,-7677.399999999997,11048.500000000002,1.0,0.047619047619047616
5% OTM strangle,5,gap_event,7-10,provider_chain,2,107.13300000000001,0.5,0.795220307713639,0.795220307713639,-11890.7,10025.800000000003,1.0,0.031746031746031744
5% OTM strangle,5,noise_theta_decay,10-14,provider_chain,28,35.878499999999995,0.0,-0.6875691823732895,-0.7233533642364223,-7696.799999999999,-351.89999999999964,0.051393078529519014,0.03369434416365824
5% OTM strangle,5,noise_theta_decay,15-21,provider_chain,46,56.725695652173904,0.021739130434782608,-0.5099309028241391,-0.545338835657591,-6402.199999999999,1401.600000000002,0.009654098091989279,0.05535499398315283
5% OTM strangle,5,noise_theta_decay,22-30,provider_chain,88,93.96521590909089,0.07954545454545454,-0.33061311241644764,-0.367745206819619,-11985.899999999998,6208.100000000002,-0.04935077272479573,0.10589651022864019
5% OTM strangle,5,noise_theta_decay,31-45,provider_chain,30,134.98489999999998,0.16666666666666666,-0.24870306991797225,-0.26780060450615106,-15797.299999999992,634.3000000000004,-0.019392104515049458,0.036101083032490974
5% OTM strangle,5,noise_theta_decay,7-10,provider_chain,14,27.063214285714285,0.0,-0.8611049395669486,-0.8471246707638279,-6621.499999999999,-906.8999999999997,0.1868639377973172,0.01684717208182912
5% OTM strangle,5,trend_vol_expansion,10-14,provider_chain,6,91.9575,0.0,-0.5710085164707678,-0.6010561308667961,-8215.899999999998,-1433.2999999999995,0.6753199023102519,0.02158273381294964
5% OTM strangle,5,trend_vol_expansion,15-21,provider_chain,45,70.57333333333332,0.022222222222222223,-0.3240812647859508,-0.3025089815112305,-5945.399999999999,1043.4000000000005,-0.0028242215435908664,0.1618705035971223
5% OTM strangle,5,trend_vol_expansion,22-30,provider_chain,46,115.12930434782609,0.13043478260869565,-0.21516757618730403,-0.235276945846629,-8128.499999999998,2246.1000000000013,-0.05596884279670479,0.16546762589928057
5% OTM strangle,5,trend_vol_expansion,31-45,provider_chain,22,152.06563636363632,0.22727272727272727,-0.12573978000761699,-0.12742527394112008,-6813.499999999994,9170.000000000002,-0.3532416124099112,0.07913669064748201
5% OTM strangle,5,trend_vol_expansion,7-10,provider_chain,4,59.09399999999999,0.0,-0.6457658867579802,-0.6110232341775161,-11077.199999999997,-646.9999999999997,1.0,0.014388489208633094
5% OTM strangle,5,up_shock,10-14,provider_chain,5,75.4956,0.8,2.0899759474026065,0.318719328527431,-414.99999999999966,22722.699999999997,1.0000000000000002,0.06097560975609756
5% OTM strangle,5,up_shock,15-21,provider_chain,13,65.09307692307691,0.8461538461538461,0.8355934279136743,0.5781562274099588,-1994.299999999999,15880.000000000002,0.810303369242038,0.15853658536585366
5% OTM strangle,5,up_shock,22-30,provider_chain,24,76.003125,0.9583333333333334,3.75379052044395,0.3394108318155704,-262.19999999999925,124031.40000000001,0.8790429957244105,0.2926829268292683
5% OTM strangle,5,up_shock,31-45,provider_chain,4,109.54499999999999,0.5,0.34584713810944445,0.1799390987748472,-1525.6999999999948,4919.600000000002,0.9999999999999998,0.04878048780487805
5% OTM strangle,5,up_shock,7-10,provider_chain,2,30.350999999999996,0.5,0.38916995267319143,0.38916995267319143,-705.1999999999999,3271.600000000001,1.0,0.024390243902439025
ATM straddle,1,down_shock,10-14,processed_trade_details,3,290.981,1.0,0.2563776055307821,0.2944193319118695,3910.900000000004,13842.800000000005,1.0000000000000002,0.02040816326530612
ATM straddle,1,down_shock,15-21,processed_trade_details,8,325.393875,1.0,0.2977494231307226,0.1610125536794074,3335.600000000005,28002.200000000004,0.8428041002491871,0.05442176870748299
ATM straddle,1,down_shock,22-30,processed_trade_details,8,333.43387499999994,1.0,0.2116237841617915,0.2091197712442548,4242.100000000008,9981.000000000004,0.7196631521544885,0.05442176870748299
ATM straddle,1,down_shock,31-45,processed_trade_details,1,339.08699999999993,1.0,0.321631321755184,0.321631321755184,10906.100000000004,10906.100000000004,1.0,0.006802721088435374
ATM straddle,1,down_shock,7-10,processed_trade_details,1,283.41,1.0,0.1992943085988498,0.1992943085988498,5648.200000000003,5648.200000000003,1.0,0.006802721088435374
ATM straddle,1,gap_event,10-14,processed_trade_details,3,298.82,0.0,-0.18614642167137044,-0.1765375673466796,-9991.5,-2709.099999999995,1.0,0.043478260869565216
ATM straddle,1,gap_event,15-21,processed_trade_details,7,490.0954285714286,0.2857142857142857,0.17391265592347402,-0.0867737813663919,-44957.59999999999,41141.30000000001,3.3540290182276924,0.10144927536231885
ATM straddle,1,gap_event,22-30,processed_trade_details,7,420.2335714285714,0.5714285714285714,0.1518335757019885,0.0212841975262748,-7260.799999999989,20944.5,1.2983901464751006,0.10144927536231885
ATM straddle,1,gap_event,31-45,processed_trade_details,3,447.962,0.3333333333333333,-0.082924991676659,-0.0786967342708656,-8771.100000000002,7.799999999997453,1.0,0.043478260869565216
ATM straddle,1,gap_event,7-10,processed_trade_details,3,437.24199999999996,0.3333333333333333,0.0986574739588147,-0.0504139110387491,-6615.6,13632.200000000006,1.0,0.043478260869565216
ATM straddle,1,noise_theta_decay,10-14,processed_trade_details,35,233.0221714285714,0.22857142857142856,-0.048448569827900655,-0.0451947382826964,-19087.7,11195.500000000002,-0.2762877394429613,0.042067307692307696
ATM straddle,1,noise_theta_decay,15-21,processed_trade_details,86,268.73933720930233,0.3023255813953488,-0.03915287638940645,-0.04759934266018135,-10347.899999999992,3318.300000000002,-0.13611944330212844,0.10336538461538461
ATM straddle,1,noise_theta_decay,22-30,processed_trade_details,148,333.9479189189189,0.24324324324324326,-0.03326503648100743,-0.04290795790486105,-11215.799999999996,8306.300000000005,-0.12808478038815174,0.1778846153846154
ATM straddle,1,noise_theta_decay,31-45,processed_trade_details,59,392.91752542372876,0.23728813559322035,-0.028336385072995914,-0.0262860696517411,-87463.19999999998,5175.199999999995,-0.15965387823186036,0.07091346153846154
ATM straddle,1,noise_theta_decay,7-10,processed_trade_details,20,209.442,0.1,-0.06719933973682678,-0.09432501375382425,-7416.99999999999,5324.900000000002,-0.23018669327692393,0.02403846153846154
ATM straddle,1,trend_vol_expansion,10-14,processed_trade_details,2,320.49449999999996,0.5,0.013264453363096645,0.013264453363096645,-7251.899999999989,3131.6000000000004,1.0,0.007142857142857143
ATM straddle,1,trend_vol_expansion,15-21,processed_trade_details,27,295.738,0.25925925925925924,-0.032000396680142984,-0.0382373845060411,-5493.6,4666.600000000006,-0.5803795718698571,0.09642857142857143
ATM straddle,1,trend_vol_expansion,22-30,processed_trade_details,26,332.0288076923077,0.3076923076923077,-0.015893157662648292,-0.0170952039212683,-4412.199999999995,5452.100000000008,-1.0084765385951384,0.09285714285714286
ATM straddle,1,trend_vol_expansion,31-45,processed_trade_details,13,388.14646153846144,0.38461538461538464,-0.029923145695766578,-0.0166738463877554,-13537.199999999995,3957.400000000007,-0.2932709264749355,0.04642857142857143
ATM straddle,1,trend_vol_expansion,7-10,processed_trade_details,3,204.75199999999998,0.3333333333333333,-0.03800875425047997,-0.0389950756421972,-2290.2999999999965,422.999999999999,1.0,0.010714285714285714
ATM straddle,1,up_shock,10-14,processed_trade_details,1,366.423,1.0,0.0671682727339714,0.0671682727339714,2461.2000000000025,2461.2000000000025,1.0,0.012195121951219513
ATM straddle,1,up_shock,15-21,processed_trade_details,2,250.54649999999998,1.0,0.1883032090939276,0.1883032090939276,1739.6999999999991,6079.900000000001,1.0,0.024390243902439025
ATM straddle,1,up_shock,22-30,processed_trade_details,3,275.772,1.0,0.304248655411466,0.1846552553219036,3580.4,10633.400000000003,1.0000000000000002,0.036585365853658534
ATM straddle,1,up_shock,31-45,processed_trade_details,1,493.4549999999999,1.0,0.2707318803133015,0.2707318803133015,13359.400000000016,13359.400000000016,1.0,0.012195121951219513
ATM straddle,2,unclassified,10-14,processed_trade_details,44,248.46797727272724,0.18181818181818182,-0.06689732559037635,-0.0990155554277321,-22092.59999999999,17262.7,-0.6498473456649264,0.09361702127659574
ATM straddle,2,unclassified,15-21,processed_trade_details,130,289.47246923076926,0.36923076923076925,0.037519916042711,-0.06185324974521125,-76081.19999999998,66778.90000000001,2.3380862574282477,0.2765957446808511
ATM straddle,2,unclassified,22-30,processed_trade_details,192,335.903453125,0.2708333333333333,0.006824260845073704,-0.056046983465797603,-11713.299999999996,70853.7,-5.202414558895948,0.4085106382978723
ATM straddle,2,unclassified,31-45,processed_trade_details,77,394.8631948051948,0.3246753246753247,-0.030369838116488333,-0.0385994346575413,-84040.39999999998,11529.199999999995,-0.16020252939040222,0.16382978723404254
ATM straddle,2,unclassified,7-10,processed_trade_details,27,236.97155555555557,0.2222222222222222,-0.06707464029939164,-0.1090746508710969,-8630.899999999998,15259.900000000003,-0.9569936409837342,0.0574468085106383
ATM straddle,3,down_shock,10-14,processed_trade_details,3,249.84299999999996,1.0,0.6828709177951787,0.556669133670491,7951.8,29502.300000000003,1.0,0.02040816326530612
ATM straddle,3,down_shock,15-21,processed_trade_details,21,274.33628571428574,1.0,0.601187660209519,0.398239277364777,1885.5999999999997,58378.8,0.54147725841114,0.14285714285714285
ATM straddle,3,down_shock,22-30,processed_trade_details,22,327.657409090909,1.0,0.3160016586526166,0.23888387938770006,1917.1999999999969,50600.600000000006,0.49350721656912466,0.14965986394557823
ATM straddle,3,down_shock,31-45,processed_trade_details,9,347.05999999999995,1.0,0.14683967828914765,0.1401485189171435,1485.6000000000051,10192.300000000008,0.7329543351103213,0.061224489795918366
ATM straddle,3,down_shock,7-10,processed_trade_details,2,249.1395,1.0,0.3099703616212934,0.3099703616212934,1298.599999999999,15856.9,1.0,0.013605442176870748
ATM straddle,3,gap_event,10-14,processed_trade_details,3,298.82,0.0,-0.2222257648308594,-0.2446502780216565,-8359.700000000004,-5256.299999999996,1.0,0.043478260869565216
ATM straddle,3,gap_event,15-21,processed_trade_details,7,490.0954285714286,0.2857142857142857,-0.03831495045789985,-0.1477982129936562,-84279.99999999999,26096.9,-0.4731813249832451,0.10144927536231885
ATM straddle,3,gap_event,22-30,processed_trade_details,7,420.2335714285714,0.2857142857142857,0.4963911360243429,-0.1493025869018246,-8449.299999999988,102295.7,1.1624431930924344,0.10144927536231885
ATM straddle,3,gap_event,31-45,processed_trade_details,3,447.962,0.3333333333333333,-0.019753194505897433,-0.0766895376135036,-8671.6,8027.499999999998,1.0,0.043478260869565216
ATM straddle,3,gap_event,7-10,processed_trade_details,3,437.24199999999996,1.0,0.23787228969989702,0.1696618349007679,190.2000000000044,13970.500000000004,1.0,0.043478260869565216
ATM straddle,3,noise_theta_decay,10-14,processed_trade_details,29,224.47541379310343,0.06896551724137931,-0.17267622233158939,-0.160037578067111,-14395.999999999993,1465.400000000005,0.012344857446589768,0.03485576923076923
ATM straddle,3,noise_theta_decay,15-21,processed_trade_details,65,275.6977846153846,0.15384615384615385,-0.11819809630935543,-0.1528440272862492,-11406.699999999995,3204.900000000009,-0.056533831016333067,0.078125
ATM straddle,3,noise_theta_decay,22-30,processed_trade_details,114,332.22478947368415,0.12280701754385964,-0.09610294605524435,-0.09899718983485395,-14776.399999999996,4326.900000000006,-0.04708693830771912,0.13701923076923078
ATM straddle,3,noise_theta_decay,31-45,processed_trade_details,51,405.66529411764697,0.21568627450980393,-0.07613256782931938,-0.0721699358832165,-90149.69999999998,2501.7000000000053,-0.03716236519075484,0.06129807692307692
ATM straddle,3,noise_theta_decay,7-10,processed_trade_details,19,208.56394736842105,0.15789473684210525,-0.2135935961624188,-0.275673446240301,-11314.499999999996,4906.999999999999,-0.05277873744653993,0.02283653846153846
ATM straddle,3,trend_vol_expansion,10-14,processed_trade_details,6,316.13949999999994,0.3333333333333333,-0.10390007897036614,-0.0712231456840113,-19167.29999999999,1263.300000000001,0.3029743224225146,0.02142857142857143
ATM straddle,3,trend_vol_expansion,15-21,processed_trade_details,29,290.85393103448274,0.13793103448275862,-0.08911553364591815,-0.069810058696177,-7076.399999999998,1426.2,-0.04160439354235988,0.10357142857142858
ATM straddle,3,trend_vol_expansion,22-30,processed_trade_details,36,353.15141666666665,0.2222222222222222,-0.06249395273036387,-0.04792743943431245,-7613.599999999997,1718.900000000002,-0.05192735139247161,0.12857142857142856
ATM straddle,3,trend_vol_expansion,31-45,processed_trade_details,12,374.81475,0.6666666666666666,0.006260028249688541,0.0157456630157939,-5245.2,4543.700000000013,3.27755456618521,0.04285714285714286
ATM straddle,3,trend_vol_expansion,7-10,processed_trade_details,2,191.8545,0.5,-0.06700944258300334,-0.06700944258300334,-2704.000000000002,849.6000000000038,1.0,0.007142857142857143
ATM straddle,3,up_shock,10-14,processed_trade_details,3,293.326,1.0,0.24429316028015124,0.1885159456175343,3288.999999999998,11690.7,1.0000000000000002,0.036585365853658534
ATM straddle,3,up_shock,15-21,processed_trade_details,8,260.571375,1.0,0.3418770705682049,0.3170189456673571,4813.600000000002,15226.9,0.7526836175962,0.0975609756097561
ATM straddle,3,up_shock,22-30,processed_trade_details,13,288.94523076923076,1.0,0.8230052612141137,0.2555205047318614,2113.100000000003,96999.4,0.8221028869928263,0.15853658536585366
ATM straddle,3,up_shock,31-45,processed_trade_details,2,375.1664999999999,1.0,0.17359029095677853,0.17359029095677853,6257.0000000000055,6747.300000000001,1.0,0.024390243902439025
ATM straddle,3,up_shock,7-10,processed_trade_details,1,241.803,1.0,0.2196622870683986,0.2196622870683986,5311.499999999998,5311.499999999998,1.0,0.012195121951219513
ATM straddle,5,down_shock,10-14,processed_trade_details,2,290.64599999999996,1.0,1.4179737789473208,1.4179737789473208,31609.30000000001,50735.6,1.0,0.013605442176870748
ATM straddle,5,down_shock,15-21,processed_trade_details,18,269.9095,1.0,0.7151392784348979,0.385915173069618,3279.400000000004,53569.40000000001,0.6401087746796716,0.12244897959183673
ATM straddle,5,down_shock,22-30,processed_trade_details,27,340.03988888888887,1.0,0.31115997636271264,0.1661559459340466,972.7000000000032,53175.8,0.5522283921785711,0.1836734693877551
ATM straddle,5,down_shock,31-45,processed_trade_details,18,337.747,1.0,0.23995807771796177,0.13905082847868921,889.8000000000025,43996.19999999999,0.661631144932264,0.12244897959183673
ATM straddle,5,down_shock,7-10,processed_trade_details,4,222.65775,1.0,1.093418053694856,0.9077414789958882,5066.9000000000015,63935.3,1.0000000000000002,0.027210884353741496
ATM straddle,5,gap_event,10-14,processed_trade_details,3,298.82,0.0,-0.44149951843168433,-0.4299713553444896,-20319.6,-9077.099999999997,1.0,0.043478260869565216
ATM straddle,5,gap_event,15-21,processed_trade_details,7,490.0954285714286,0.2857142857142857,-0.19915837005376139,-0.1544952800821146,-97513.49999999996,3490.4999999999973,0.09226828336158949,0.10144927536231885
ATM straddle,5,gap_event,22-30,processed_trade_details,7,420.2335714285714,0.2857142857142857,0.1311981203726526,-0.1058809953226756,-10608.999999999998,49321.9,2.318754651924702,0.10144927536231885
ATM straddle,5,gap_event,31-45,processed_trade_details,3,447.962,0.3333333333333333,-0.03949663738117954,-0.1619953955513865,-11218.8,11291.099999999997,1.0,0.043478260869565216
ATM straddle,5,gap_event,7-10,processed_trade_details,3,437.24199999999996,0.6666666666666666,0.32331725721160776,0.0547941491452818,-6590.500000000009,26228.9,1.0,0.043478260869565216
ATM straddle,5,noise_theta_decay,10-14,processed_trade_details,28,215.80221428571426,0.07142857142857142,-0.27637125747686325,-0.29455340657723883,-13284.3,1404.7000000000023,0.010870069592438842,0.03365384615384615
ATM straddle,5,noise_theta_decay,15-21,processed_trade_details,46,262.13458695652173,0.043478260869565216,-0.22152640052271536,-0.2508717341030521,-14512.7,2110.600000000005,-0.004455890985546739,0.055288461538461536
ATM straddle,5,noise_theta_decay,22-30,processed_trade_details,88,333.41331818181817,0.07954545454545454,-0.1557264062457942,-0.1575374016974439,-18783.4,5868.600000000004,-0.030741004911582173,0.10576923076923077
ATM straddle,5,noise_theta_decay,31-45,processed_trade_details,30,385.27009999999996,0.13333333333333333,-0.1284935539136635,-0.1351096660310353,-17850.099999999988,1429.200000000003,-0.006741044186285539,0.036057692307692304
ATM straddle,5,noise_theta_decay,7-10,processed_trade_details,14,195.41507142857145,0.0,-0.45274830443528474,-0.47478886171777646,-12747.3,-5440.999999999996,0.2721339702749509,0.016826923076923076
ATM straddle,5,trend_vol_expansion,10-14,processed_trade_details,6,323.811,0.0,-0.21578218251797066,-0.23707728747930024,-12659.99999999999,-3040.8999999999965,0.697509832125125,0.02142857142857143
ATM straddle,5,trend_vol_expansion,15-21,processed_trade_details,46,292.8788478260869,0.15217391304347827,-0.1341119831964209,-0.14214156455316626,-13989.599999999997,1632.8000000000031,-0.014904170164154103,0.16428571428571428
ATM straddle,5,trend_vol_expansion,22-30,processed_trade_details,46,355.7088260869565,0.15217391304347827,-0.09569114591311993,-0.0979750056571107,-11250.599999999991,2243.500000000006,-0.04740106873126429,0.16428571428571428
ATM straddle,5,trend_vol_expansion,31-45,processed_trade_details,22,455.2010454545454,0.18181818181818182,-0.09565970794040547,-0.0819765615369937,-74627.69999999998,1128.0000000000086,-0.019608349602473565,0.07857142857142857
ATM straddle,5,trend_vol_expansion,7-10,processed_trade_details,4,248.034,0.5,-0.13727459006049328,-0.07441180977614795,-17963.999999999996,1546.8000000000047,1.0000000000000002,0.014285714285714285
ATM straddle,5,up_shock,10-14,processed_trade_details,5,293.9022,1.0,0.6469950819060613,0.4315262629161884,7216.500000000002,37202.69999999999,1.0,0.06097560975609756
ATM straddle,5,up_shock,15-21,processed_trade_details,13,293.21261538461533,1.0,0.47007087713756407,0.358692505984792,2600.0999999999976,31724.4,0.6471908008787242,0.15853658536585366
ATM straddle,5,up_shock,22-30,processed_trade_details,24,277.823875,1.0,1.0142490587100745,0.23932167890203448,3089.6000000000045,139300.69999999998,0.7740045216781932,0.2926829268292683
ATM straddle,5,up_shock,31-45,processed_trade_details,4,352.152,1.0,0.18138976768845474,0.1054876980546247,1898.9000000000035,9350.0,1.0000000000000002,0.04878048780487805
ATM straddle,5,up_shock,7-10,processed_trade_details,2,233.964,1.0,0.3237807361088711,0.3237807361088711,4949.000000000004,10366.100000000002,1.0,0.024390243902439025
